deviceID,tripID,total_dist_km,total_fuel_L,avg_kpl,avg_speed,max_speed,avg_rpm,duration_min
3.0,2.0,71.31,8.926,8.58,54.8,100.0,1487.8910476599399,78.4
3.0,3.0,0.72,0.123,6.34,20.2,37.0,1061.3110236220473,2.3
3.0,4.0,0.76,0.163,4.83,15.1,36.0,1003.31843575419,3.1
3.0,6.0,0.84,0.176,5.12,16.4,39.0,1032.4203296703297,3.3
3.0,9.0,0.65,0.175,3.82,14.8,34.0,1041.446540880503,2.7
3.0,10.0,19.87,1.735,11.8,55.1,92.0,1350.7821821036107,21.6
3.0,11.0,19.39,1.739,11.89,57.5,86.0,1345.6199484092863,20.1
3.0,12.0,0.68,0.102,6.69,26.0,45.0,1129.1842105263158,1.6
3.0,13.0,0.65,0.144,4.86,14.4,26.0,986.2405063291139,2.8
3.0,14.0,0.66,0.101,6.79,22.7,43.0,1039.6666666666667,1.8
3.0,15.0,3.04,0.442,7.12,22.8,46.0,1051.4425887265136,8.1
3.0,16.0,0.88,0.165,5.46,17.1,26.0,984.6114130434783,3.1
3.0,17.0,2.21,0.298,7.73,26.3,59.0,1086.602310231023,5.1
3.0,18.0,0.67,0.134,5.33,19.8,39.0,1036.717213114754,2.1
3.0,19.0,0.65,0.148,4.51,15.5,35.0,1092.4370860927152,2.5
3.0,20.0,109.26,12.709,8.84,51.6,102.0,1436.4761936339523,132.1
3.0,21.0,2.71,0.495,5.45,24.9,67.0,1220.642857142857,6.9
3.0,22.0,2.11,0.477,5.03,15.9,53.0,1024.2742663656884,9.0
3.0,24.0,90.92,9.219,9.72,53.6,102.0,1394.979815455594,103.7
3.0,25.0,18.7,2.226,8.52,38.0,87.0,1196.4284876905042,30.4
3.0,26.0,0.71,0.095,7.32,22.5,37.0,978.625,1.8
3.0,27.0,0.66,0.099,6.81,22.4,38.0,1059.5377358490566,1.8
3.0,28.0,9.35,1.065,9.23,36.0,76.0,1174.57903402854,15.8
3.0,29.0,9.28,1.14,8.16,33.8,91.0,1149.079081632653,16.6
3.0,30.0,1.23,0.287,4.81,16.6,44.0,1054.8045977011495,4.8
3.0,31.0,1.62,0.318,5.32,16.6,36.0,1010.8115942028985,6.0
3.0,32.0,0.63,0.119,5.94,21.8,36.0,1066.0588235294117,1.9
3.0,33.0,0.7,0.134,5.65,19.3,40.0,1040.6860465116279,2.3
3.0,34.0,0.7,0.161,4.55,16.7,30.0,1046.8841059602648,2.6
3.0,35.0,3.08,0.479,6.86,22.2,45.0,1053.6474747474747,8.5
3.0,36.0,1.55,0.344,4.87,15.1,38.0,1027.9472222222223,6.5
3.0,37.0,0.67,0.118,5.77,18.0,34.0,1011.1015037593985,2.3
3.0,38.0,0.65,0.104,6.26,20.7,39.0,1021.7894736842105,1.9
3.0,41.0,0.75,0.158,5.15,16.8,38.0,1028.5566037735848,2.9
3.0,42.0,1.26,0.195,7.04,22.9,44.0,1034.357142857143,3.6
3.0,44.0,0.66,0.126,5.73,18.3,40.0,1041.453125,2.3
3.0,46.0,0.77,0.148,5.64,18.1,37.0,1031.4695945945946,2.8
3.0,47.0,18.75,1.862,10.7,41.2,77.0,1207.7129514321296,27.5
3.0,48.0,81.74,7.313,11.28,64.2,106.0,1494.2395078004834,77.7
3.0,49.0,95.29,9.001,10.66,65.1,105.0,1508.1366698748798,88.6
3.0,50.0,0.68,0.137,5.34,20.5,33.0,1101.1101694915253,2.0
3.0,51.0,18.39,1.661,11.82,59.6,95.0,1389.0424440298507,18.5
3.0,52.0,11.84,1.182,9.97,57.0,98.0,1415.341463414634,12.4
3.0,53.0,11.87,1.202,9.93,52.9,94.0,1345.1766581632653,13.7
3.0,54.0,18.97,1.907,10.06,50.3,99.0,1318.8641791044777,22.6
3.0,55.0,0.69,0.138,5.43,16.6,28.0,1042.2972027972028,2.6
3.0,56.0,0.68,0.104,7.01,23.8,41.0,1060.4068627450981,1.7
3.0,57.0,0.69,0.126,5.9,20.0,49.0,1006.7235772357724,2.2
3.0,58.0,0.85,0.167,5.7,19.3,39.0,1041.4084967320262,2.9
3.0,59.0,1.62,0.242,7.29,27.6,44.0,1120.0829383886255,3.6
3.0,61.0,1.22,0.158,8.12,28.4,48.0,1093.1474358974358,2.6
3.0,62.0,0.68,0.122,6.02,20.8,41.0,1037.7179487179487,2.0
3.0,63.0,0.67,0.153,4.83,16.7,36.0,1032.3345323741007,2.6
3.0,64.0,0.95,0.142,7.44,30.4,56.0,1203.774336283186,1.9
3.0,65.0,0.96,0.153,6.53,21.7,41.0,1057.688679245283,2.7
3.0,66.0,0.67,0.087,7.88,27.6,44.0,1089.8863636363637,1.4
3.0,67.0,0.67,0.114,6.02,20.5,43.0,1086.3686440677966,2.0
3.0,68.0,0.7,0.131,5.67,23.2,42.0,1086.004716981132,1.8
3.0,69.0,2.4,0.319,8.14,33.1,69.0,1163.4607843137255,4.4
3.0,70.0,1.62,0.213,7.25,26.8,70.0,1097.9879807692307,3.5
3.0,71.0,109.25,12.079,9.02,55.1,114.0,1423.4498794839076,120.6
3.0,72.0,19.55,2.453,8.18,32.6,81.0,1128.0536630891274,37.2
3.0,74.0,18.72,1.963,10.08,63.1,106.0,1517.3224880382775,18.2
3.0,76.0,19.65,2.303,8.84,40.5,91.0,1217.0911967779057,29.6
3.0,79.0,22.83,4.512,5.65,31.0,86.0,1368.39140625,46.4
3.0,80.0,104.79,11.195,9.16,59.5,111.0,1476.4421111465986,107.6
3.0,81.0,0.68,0.118,6.37,25.8,50.0,1130.654255319149,1.6
3.0,82.0,0.64,0.094,7.07,25.7,46.0,1110.0549450549452,1.5
3.0,83.0,1.28,0.286,4.79,16.0,40.0,1034.2035087719298,5.1
3.0,85.0,1.2,0.252,5.07,16.2,40.0,1028.7670454545455,4.6
3.0,88.0,0.67,0.117,6.17,21.4,40.0,1050.7142857142858,2.0
3.0,89.0,0.66,0.109,6.32,22.0,41.0,1078.0,1.8
3.0,91.0,0.68,0.117,6.16,24.0,42.0,1061.470297029703,1.7
3.0,92.0,0.66,0.115,6.14,22.3,41.0,1073.627358490566,1.8
3.0,93.0,15.95,1.786,9.17,38.4,83.0,1169.011348005502,25.1
3.0,94.0,1.85,0.481,4.13,12.8,34.0,982.366,9.4
3.0,96.0,23.95,2.744,8.88,33.8,77.0,1128.5226824457593,42.9
3.0,97.0,0.64,0.175,4.03,11.9,21.0,990.0295698924731,3.5
3.0,98.0,9.29,1.047,8.97,38.3,82.0,1161.1449359720605,14.6
3.0,99.0,0.7,0.152,4.88,16.8,40.0,1047.1979865771812,2.6
3.0,101.0,0.68,0.142,5.15,22.0,39.0,1056.081818181818,2.0
3.0,102.0,17.74,1.484,12.58,57.1,86.0,1325.6981900452488,18.6
3.0,104.0,1.92,0.22,9.08,35.5,79.0,1145.6530612244899,3.2
3.0,105.0,19.67,1.754,11.54,53.5,88.0,1328.3379844961241,22.0
3.0,106.0,0.69,0.116,6.23,22.4,42.0,1081.418918918919,1.9
3.0,108.0,0.68,0.124,5.79,24.7,39.0,1064.409090909091,1.7
3.0,109.0,0.67,0.134,5.22,20.5,41.0,1056.1336206896551,2.0
3.0,111.0,0.67,0.151,4.47,22.1,35.0,1084.288990825688,1.9
3.0,112.0,0.68,0.111,6.41,25.1,47.0,1113.1938775510205,1.6
3.0,113.0,1.51,0.206,8.13,28.7,54.0,1144.1989528795812,3.2
3.0,114.0,2.17,0.319,7.39,25.2,43.0,1091.0663430420711,5.2
3.0,115.0,0.72,0.12,6.24,20.4,39.0,1019.9801587301587,2.2
3.0,118.0,0.78,0.126,6.63,21.8,45.0,1055.093023255814,2.2
3.0,119.0,1.13,0.22,5.62,18.6,40.0,1036.1651162790697,3.8
3.0,120.0,0.68,0.102,6.88,24.0,43.0,1055.8333333333333,1.7
3.0,121.0,0.73,0.16,4.8,15.6,40.0,1018.5538922155689,2.9
3.0,122.0,0.82,0.178,4.84,17.0,40.0,1035.6315789473683,3.0
3.0,124.0,0.69,0.142,5.21,22.0,49.0,1144.7079646017698,2.0
3.0,126.0,0.77,0.116,7.04,25.1,43.0,1071.5855855855855,1.8
3.0,127.0,0.8,0.152,5.79,19.7,37.0,1087.7412587412587,2.5
3.0,128.0,1.21,0.199,6.6,22.3,46.0,1051.7242268041236,3.4
3.0,130.0,6.56,0.897,8.28,31.0,64.0,1142.0591397849462,13.3
3.0,131.0,18.2,2.301,7.96,41.1,106.0,1274.0928525845566,27.1
3.0,132.0,0.59,0.103,6.23,18.6,26.0,1024.8198198198197,2.1
3.0,134.0,19.94,2.208,8.92,44.0,93.0,1263.418734491315,27.9
3.0,135.0,6.99,0.999,7.34,25.0,71.0,1067.1520669291338,17.1
3.0,136.0,2.55,0.337,8.09,37.6,80.0,1186.3189300411523,4.2
3.0,137.0,3.49,0.554,6.51,21.0,47.0,1020.5496632996633,10.1
3.0,138.0,0.92,0.16,6.08,19.9,45.0,1014.5119760479042,2.8
3.0,139.0,1.38,0.236,6.14,20.6,42.0,1055.0767634854772,4.0
3.0,140.0,1.29,0.193,7.29,23.5,42.0,1090.0816831683169,3.4
3.0,142.0,0.62,0.134,5.02,15.7,37.0,1018.786231884058,2.5
3.0,143.0,0.67,0.131,5.27,19.7,36.0,1112.6065573770493,2.0
3.0,145.0,0.66,0.123,5.84,21.1,42.0,1077.2857142857142,1.9
3.0,146.0,7.74,0.912,8.91,31.7,61.0,1111.401592718999,14.6
3.0,147.0,0.59,0.156,3.86,11.8,26.0,1009.3135593220339,3.1
3.0,148.0,9.17,1.03,9.02,35.5,71.0,1167.2732749178533,15.4
3.0,149.0,0.75,0.166,4.89,15.3,35.0,998.6580459770115,3.2
3.0,150.0,0.82,0.164,5.42,17.6,37.0,1028.280487804878,3.0
3.0,151.0,108.93,11.955,9.17,58.0,120.0,1467.4747685876382,115.2
3.0,152.0,26.5,3.912,7.05,27.5,79.0,1106.4286558345643,60.7
3.0,154.0,1.93,0.545,3.85,12.2,31.0,993.2472826086956,10.4
3.0,161.0,4.18,0.816,5.55,21.1,62.0,1337.0007142857144,12.3
5.0,2.0,4.3,0.701,6.82,33.0,63.0,1564.5495735607676,8.0
5.0,3.0,10.02,1.905,6.04,28.3,55.0,1377.3942558746737,21.4
5.0,4.0,6.93,1.252,5.54,32.6,64.0,1447.3424170616113,12.6
5.0,5.0,11.41,1.948,6.17,30.0,64.0,1418.1845165238678,22.6
5.0,6.0,11.16,1.83,6.85,27.6,57.0,1349.9199955614736,25.1
5.0,7.0,4.3,0.66,7.13,34.7,63.0,1475.8434004474273,7.6
5.0,12.0,9.37,1.526,6.62,28.1,62.0,1381.1890971039181,20.8
5.0,13.0,2.37,0.678,3.62,21.9,40.0,1291.1996124031007,6.7
5.0,14.0,2.14,0.454,5.49,21.4,34.0,1190.3161559888579,6.1
5.0,17.0,4.79,0.818,6.45,28.2,51.0,1347.0805921052631,10.3
5.0,18.0,4.29,0.654,7.19,34.3,56.0,1475.335189309577,7.6
5.0,21.0,9.03,1.474,6.72,31.4,66.0,1474.9801080550099,17.8
5.0,22.0,18.38,3.418,5.86,28.3,63.0,1465.6211429813125,41.6
5.0,23.0,3.4,0.654,5.91,23.4,51.0,1316.9410058027079,9.1
5.0,25.0,12.58,2.281,5.92,25.9,60.0,1375.7091954022987,30.1
5.0,26.0,4.3,0.71,6.63,33.8,61.0,1597.1247228381374,7.8
5.0,27.0,5.01,0.933,6.09,30.0,66.0,1499.8389830508474,10.4
5.0,28.0,2.61,0.648,3.98,25.3,40.0,1281.1017520215632,6.3
5.0,29.0,2.22,0.579,3.79,23.7,40.0,1299.9188988095239,5.7
5.0,31.0,4.58,0.801,6.08,27.7,57.0,1268.4179421768708,10.2
5.0,32.0,4.73,0.724,7.22,32.1,54.0,1397.4,9.0
5.0,33.0,4.33,0.562,8.04,33.9,56.0,1443.3098901098901,7.7
5.0,34.0,4.33,0.593,7.45,27.6,53.0,1274.8854723707666,9.6
5.0,35.0,5.06,0.815,6.88,29.2,54.0,1421.2739448051948,10.8
5.0,37.0,4.76,0.839,6.56,29.7,67.0,1498.0030541012216,9.8
5.0,38.0,4.28,0.614,7.44,29.5,54.0,1402.651559454191,8.8
5.0,39.0,3.96,0.791,5.46,24.4,52.0,1388.7981770833333,10.2
5.0,42.0,3.4,0.579,6.12,25.3,51.0,1312.774844720497,8.1
5.0,43.0,3.07,0.512,6.91,32.6,61.0,1446.2074626865672,5.8
5.0,44.0,2.34,0.6,3.98,27.1,46.0,1374.435064935065,5.3
5.0,45.0,2.08,0.599,4.08,21.6,36.0,1379.9373177842565,5.9
5.0,47.0,4.85,0.825,6.62,29.5,55.0,1455.8225806451612,10.0
5.0,48.0,0.93,0.117,7.88,36.7,65.0,1564.1,1.3
5.0,50.0,4.28,0.644,6.82,30.6,62.0,1401.4868154158214,8.5
5.0,51.0,5.07,0.919,6.12,26.0,64.0,1372.7967391304348,12.2
5.0,52.0,5.6,1.001,6.08,24.7,47.0,1330.0836431226767,14.3
5.0,55.0,7.44,1.266,6.31,25.2,53.0,1336.1057874762807,18.2
5.0,56.0,1.48,0.409,3.72,18.6,39.0,1213.5053380782917,5.1
5.0,57.0,1.32,0.235,5.89,26.4,48.0,1225.7988826815642,3.1
5.0,58.0,3.51,0.611,6.3,28.7,60.0,1336.73623853211,7.5
5.0,59.0,2.4,0.564,4.44,25.9,44.0,1261.2951807228915,5.6
5.0,60.0,2.29,0.4,6.08,30.2,50.0,1286.4680656934306,4.6
5.0,61.0,4.17,0.563,8.01,31.3,50.0,1302.1004184100418,8.1
5.0,62.0,0.7,0.122,6.38,20.6,35.0,1231.6024590163934,2.1
5.0,63.0,1.89,0.33,6.03,22.1,49.0,1243.8671096345515,5.3
5.0,64.0,1.13,0.207,5.68,23.2,44.0,1340.936416184971,2.9
5.0,65.0,2.77,0.532,5.92,28.9,58.0,1518.074046920821,6.1
5.0,66.0,9.04,1.437,6.77,32.3,66.0,1495.3655,17.2
5.0,68.0,4.88,0.851,6.36,28.2,56.0,1433.1732954545455,10.6
5.0,69.0,4.23,0.683,6.4,32.9,63.0,1517.8625,7.9
5.0,70.0,4.28,0.712,6.46,29.9,64.0,1503.1377952755906,8.8
5.0,72.0,5.09,0.858,6.71,30.0,61.0,1468.6128099173554,10.4
5.0,73.0,2.36,0.674,3.53,24.8,44.0,1398.0425219941349,5.8
5.0,74.0,2.3,0.366,6.66,27.9,42.0,1175.006779661017,5.1
5.0,76.0,4.88,0.888,6.21,29.0,59.0,1465.3230897009967,10.3
5.0,78.0,4.31,0.669,6.8,32.9,67.0,1498.8164893617022,8.1
5.0,79.0,9.04,1.422,6.96,33.1,65.0,1441.0007629704985,16.8
5.0,80.0,28.9,4.889,6.69,34.5,85.0,1581.3628089512358,51.0
5.0,81.0,2.87,0.484,6.92,37.5,68.0,1644.162408759124,4.7
5.0,82.0,20.62,3.634,6.42,34.3,75.0,1639.4044667913938,36.6
5.0,84.0,4.31,0.712,6.68,30.8,58.0,1491.7464717741937,8.4
5.0,85.0,5.11,0.86,6.35,26.7,56.0,1384.1808823529411,12.0
5.0,86.0,2.36,0.471,4.96,26.1,42.0,1140.8392307692309,5.5
5.0,87.0,4.56,0.779,6.14,32.3,50.0,1350.3243110236222,8.4
5.0,88.0,5.24,0.768,7.22,28.2,55.0,1281.4418693009118,11.3
5.0,89.0,4.66,0.686,7.26,32.9,57.0,1463.808415841584,8.6
5.0,90.0,6.27,0.979,6.95,33.8,60.0,1638.681164901664,11.4
5.0,91.0,17.46,3.089,6.52,39.0,93.0,1714.3432601880877,27.0
5.0,95.0,21.54,3.519,6.87,38.6,89.0,1674.6304292929292,33.9
5.0,96.0,4.98,0.819,7.03,30.5,53.0,1403.8287671232877,9.9
5.0,97.0,2.49,0.375,6.97,24.1,42.0,1239.0858310626702,6.5
5.0,98.0,2.31,0.391,6.48,32.2,51.0,1356.3301158301158,4.4
5.0,99.0,2.37,0.594,4.07,26.1,46.0,1318.9638461538461,5.6
5.0,100.0,2.15,0.426,5.54,24.3,41.0,1269.3346518987341,5.3
5.0,101.0,6.51,0.909,7.71,32.3,49.0,1418.235457063712,12.3
5.0,102.0,1.84,0.264,6.94,23.4,46.0,1248.8014184397164,4.8
5.0,103.0,4.42,0.603,7.62,30.6,54.0,1289.1451149425288,8.7
5.0,106.0,4.64,0.789,6.22,26.8,63.0,1345.7471544715447,10.7
5.0,107.0,4.99,0.93,5.97,27.2,57.0,1370.3999233128834,11.6
5.0,109.0,1.56,0.345,4.9,22.8,50.0,1353.414609053498,4.3
5.0,110.0,4.3,0.716,6.33,24.3,55.0,1308.3213722397477,10.7
5.0,111.0,4.33,0.714,6.22,29.5,61.0,1400.3272128060264,9.1
5.0,114.0,4.5,0.714,6.65,29.3,59.0,1442.2003610108304,9.4
5.0,115.0,5.04,0.865,6.4,28.7,59.0,1416.7315112540193,11.0
5.0,116.0,2.6,0.591,4.43,26.6,40.0,1249.631054131054,5.9
5.0,117.0,2.2,0.392,5.83,23.7,37.0,1136.557634730539,5.6
5.0,119.0,4.44,0.715,6.63,26.5,46.0,1195.699667221298,10.0
5.0,121.0,4.14,0.732,6.32,32.3,62.0,1577.4532608695652,7.8
5.0,123.0,0.77,0.186,4.6,17.7,35.0,1263.325163398693,2.8
5.0,124.0,4.26,0.681,6.72,33.3,64.0,1544.0958149779735,7.8
5.0,125.0,4.26,0.742,6.15,28.7,62.0,1499.5186781609195,9.2
5.0,128.0,5.11,0.892,6.31,28.6,55.0,1406.351661392405,11.0
5.0,130.0,5.62,0.928,6.66,28.4,52.0,1426.1193661971831,12.1
5.0,131.0,4.3,0.66,6.83,32.9,67.0,1563.7532467532467,8.0
5.0,132.0,4.69,0.789,6.36,27.6,61.0,1409.6343954248366,10.7
5.0,136.0,4.97,0.855,6.77,32.3,60.0,1449.8184306569342,9.4
5.0,138.0,2.36,0.513,4.59,27.1,44.0,1215.9952076677316,5.3
5.0,139.0,2.15,0.386,5.88,23.0,40.0,1130.8790801186944,5.7
5.0,141.0,4.73,0.637,8.15,31.5,52.0,1278.0917132216016,9.0
5.0,142.0,4.3,0.547,8.23,31.6,66.0,1345.045918367347,8.1
5.0,144.0,9.05,1.238,7.5,27.3,61.0,1302.104149026249,20.1
5.0,147.0,29.64,4.788,6.9,36.5,101.0,1630.9400276529555,49.0
5.0,148.0,0.94,0.284,3.23,18.9,37.0,1354.0112994350281,3.0
5.0,149.0,1.95,0.242,8.8,38.7,53.0,1534.9491758241759,3.0
5.0,150.0,17.67,3.008,6.51,31.7,85.0,1518.0074683544303,33.9
5.0,154.0,4.47,0.76,6.14,29.7,67.0,1426.25468164794,9.1
5.0,155.0,5.08,0.826,6.72,28.7,57.0,1413.4624802527646,10.8
5.0,156.0,2.36,0.55,4.19,25.3,41.0,1241.6986607142858,5.6
5.0,157.0,2.68,0.347,8.41,26.6,41.0,1064.6969696969697,6.0
5.0,158.0,3.85,0.617,7.22,29.0,45.0,1479.4946921443736,8.0
5.0,160.0,4.73,0.775,6.55,26.1,50.0,1320.5356037151703,11.0
5.0,161.0,4.37,0.711,6.56,31.1,65.0,1460.0374251497005,8.6
5.0,163.0,6.8,1.189,6.39,29.4,89.0,1361.814915458937,14.5
5.0,164.0,10.31,1.854,5.9,27.0,71.0,1343.7951030927834,24.0
5.0,165.0,4.98,0.926,6.11,28.5,58.0,1418.4975728155339,10.9
5.0,166.0,1.63,0.5,3.35,28.9,55.0,1677.674504950495,3.4
5.0,167.0,124.01,18.096,7.06,86.3,123.0,2157.8225539778255,86.2
5.0,168.0,129.23,16.8,8.72,76.5,123.0,2006.1600247524752,102.1
5.0,169.0,0.73,0.204,3.98,20.4,44.0,1523.7047244094488,2.3
5.0,170.0,21.87,3.382,7.32,46.7,97.0,1733.7964456391876,29.0
5.0,173.0,3.03,0.648,4.9,25.6,62.0,1319.4806791569088,7.8
5.0,177.0,1.07,0.373,2.84,14.0,39.0,1150.4544609665427,4.8
5.0,179.0,26.84,5.471,5.05,33.9,89.0,1635.7363765038924,49.1
5.0,183.0,1.21,0.313,3.92,26.1,58.0,1521.5164670658683,2.8
5.0,186.0,2.28,0.477,5.1,19.4,48.0,1303.104761904762,7.3
5.0,187.0,2.31,0.339,6.89,35.2,68.0,1585.3958333333333,4.2
5.0,188.0,5.8,0.904,6.8,28.7,61.0,1452.3098201936377,12.4
5.0,189.0,1.44,0.24,6.08,23.0,35.0,1528.2654867256638,3.8
5.0,190.0,133.81,19.896,6.94,79.8,123.0,2112.5004585626148,100.8
5.0,191.0,125.52,16.693,8.67,86.1,123.0,2146.678338136407,88.0
5.0,192.0,4.67,0.74,6.94,31.6,54.0,1370.1605461393597,8.9
5.0,193.0,4.24,0.601,7.59,37.6,66.0,1474.0372208436725,6.8
5.0,196.0,9.05,1.575,6.12,27.3,60.0,1346.6364601018677,21.0
5.0,197.0,4.89,0.979,5.53,25.9,61.0,1391.9431649331352,11.7
5.0,198.0,24.81,4.338,6.4,35.7,88.0,1575.9646728221599,42.0
5.0,200.0,2.37,0.552,4.32,27.0,43.0,1309.8901273885351,5.4
5.0,201.0,2.42,0.437,6.64,20.5,39.0,1158.802976190476,7.4
5.0,202.0,4.78,0.668,7.91,32.3,56.0,1389.602358490566,9.0
5.0,203.0,4.28,0.53,8.32,37.0,64.0,1425.647201946472,7.0
5.0,204.0,49.5,6.403,8.54,40.7,89.0,1607.8539843390142,73.7
5.0,205.0,4.99,0.841,6.29,20.3,47.0,1144.6354764638347,15.2
5.0,206.0,3.58,0.538,7.25,29.7,47.0,1357.743574766355,7.2
5.0,207.0,2.38,0.684,3.58,26.6,46.0,1490.7375,5.5
5.0,208.0,2.16,0.35,6.75,22.9,43.0,1208.0576923076924,5.8
5.0,209.0,4.72,0.734,6.99,30.4,54.0,1499.6247747747748,9.3
5.0,210.0,4.36,0.662,6.97,33.3,65.0,1489.8815789473683,8.0
5.0,213.0,8.98,1.492,6.73,30.6,72.0,1431.599807135969,18.2
5.0,215.0,9.15,1.542,6.58,31.2,61.0,1510.016872623574,17.8
5.0,216.0,6.74,1.304,5.57,27.2,63.0,1469.188418079096,15.5
5.0,217.0,4.2,0.72,6.3,35.8,65.0,1506.1942446043165,7.3
5.0,218.0,4.53,0.709,6.68,29.7,58.0,1426.4912844036696,9.3
5.0,220.0,5.0,0.871,6.47,26.9,53.0,1362.8889728096676,11.5
5.0,221.0,2.58,0.529,5.0,29.6,45.0,1263.3075079872206,5.3
5.0,222.0,2.18,0.424,5.58,23.9,42.0,1153.6139143730886,5.4
5.0,224.0,4.44,0.631,7.51,28.5,48.0,1253.8226691042048,9.3
5.0,226.0,4.68,0.628,8.14,28.1,49.0,1219.5234505862647,10.2
5.0,227.0,4.25,0.565,7.86,32.2,61.0,1421.119978858351,8.0
5.0,229.0,8.91,1.307,7.23,29.3,55.0,1308.8484636871508,18.4
5.0,231.0,4.93,0.92,6.05,27.6,59.0,1465.7511773940346,11.0
5.0,232.0,4.24,0.681,6.81,32.3,57.0,1451.875,8.0
5.0,234.0,4.51,0.779,6.25,29.2,64.0,1480.1917870036102,9.4
5.0,235.0,3.5,0.623,6.15,24.9,45.0,1376.3822645290581,9.0
5.0,236.0,6.55,1.02,7.17,35.3,61.0,1496.3699095022625,11.2
5.0,237.0,2.37,0.609,3.86,25.0,42.0,1322.1656891495602,5.7
5.0,238.0,2.01,0.341,6.14,21.9,43.0,1175.1613636363636,5.6
5.0,240.0,4.71,0.603,8.21,30.1,49.0,1235.4629464285715,9.5
5.0,241.0,4.2,0.524,8.28,33.0,53.0,1398.545054945055,7.7
5.0,242.0,9.17,1.374,7.61,30.2,61.0,1356.658689591078,18.7
5.0,244.0,4.83,0.864,6.08,29.4,64.0,1457.7355687606112,10.0
5.0,245.0,4.3,0.77,5.84,34.9,62.0,1525.7460227272727,7.7
5.0,247.0,4.61,0.807,6.2,28.2,60.0,1399.7999153976311,10.1
5.0,248.0,5.12,0.921,6.37,28.9,56.0,1477.6628367670364,11.0
5.0,249.0,2.37,0.475,4.99,26.3,40.0,1161.3808049535603,5.4
5.0,250.0,2.28,0.314,7.83,27.6,41.0,1253.388047138047,5.0
5.0,252.0,4.86,0.785,6.77,29.5,53.0,1420.4639830508474,10.0
5.0,253.0,14.87,2.702,5.82,31.3,66.0,1481.4070796460178,29.4
5.0,254.0,9.03,1.942,4.78,33.4,66.0,1545.155572755418,16.5
5.0,255.0,24.02,4.827,5.15,31.7,75.0,1452.7542545320014,45.8
5.0,256.0,1.18,0.221,5.93,45.9,63.0,1702.9833333333333,1.6
5.0,257.0,7.54,1.333,6.1,43.7,87.0,1778.4076175040518,10.7
5.0,258.0,19.06,3.637,5.73,33.6,98.0,1540.3744372186093,34.2
5.0,259.0,4.38,0.984,4.71,25.3,57.0,1510.7697262479871,10.9
5.0,260.0,5.04,0.778,6.98,29.7,53.0,1348.7871452420702,10.2
5.0,261.0,2.38,0.655,3.69,27.1,48.0,1506.6966560509554,5.4
5.0,262.0,2.13,0.306,7.38,23.0,40.0,1148.5269461077844,5.6
5.0,263.0,4.71,0.669,7.58,29.1,56.0,1357.724612736661,9.8
5.0,265.0,4.19,0.671,6.81,35.1,68.0,1556.5795724465559,7.3
5.0,267.0,10.53,1.685,6.87,31.0,66.0,1458.6258291873964,20.8
5.0,269.0,1.31,0.359,3.58,19.1,48.0,1238.42581300813,4.2
5.0,270.0,4.76,0.976,5.29,28.0,58.0,1419.5438230383972,10.4
5.0,271.0,4.26,0.697,6.25,35.4,66.0,1489.5367990654206,7.3
5.0,272.0,4.54,0.803,5.79,26.2,62.0,1362.6180555555557,10.5
5.0,274.0,5.07,0.943,6.03,29.9,58.0,1458.688322368421,10.6
5.0,275.0,2.15,0.322,7.01,25.2,45.0,1192.2924836601308,5.2
5.0,276.0,2.21,0.345,7.13,28.7,55.0,1279.0957249070632,4.7
5.0,277.0,2.33,0.452,5.15,25.8,42.0,1146.3507692307692,5.5
5.0,278.0,2.32,0.32,8.04,27.6,50.0,1173.6531456953642,5.1
5.0,280.0,4.4,0.56,8.4,29.5,49.0,1202.5855263157894,9.0
5.0,281.0,4.28,0.611,7.37,31.5,63.0,1496.0108921161825,8.1
5.0,283.0,9.01,1.522,6.67,31.8,75.0,1461.561451135242,17.3
5.0,284.0,4.76,0.849,6.56,29.4,55.0,1438.4505208333333,10.0
5.0,285.0,4.22,0.698,6.53,35.4,59.0,1521.8335308056871,7.3
5.0,287.0,2.33,0.518,5.5,23.6,62.0,1236.2749287749289,6.3
5.0,288.0,4.63,0.812,6.04,28.1,60.0,1475.4761499148212,10.1
5.0,290.0,4.86,1.043,5.13,24.1,58.0,1403.599645390071,12.8
5.0,291.0,2.36,0.691,3.35,24.2,42.0,1428.0521428571428,5.9
5.0,292.0,2.5,0.36,7.34,27.3,46.0,1170.9437689969604,5.5
5.0,293.0,7.48,1.337,6.34,25.7,45.0,1256.6762728146014,18.0
5.0,294.0,2.25,0.334,7.24,27.6,41.0,1410.337837837838,4.9
5.0,295.0,4.99,0.724,7.39,31.2,52.0,1452.1360815602836,9.7
5.0,296.0,2.39,0.59,3.95,27.0,46.0,1349.3880126182964,5.4
5.0,297.0,2.13,0.333,7.53,28.0,49.0,1288.2794117647059,4.7
5.0,299.0,4.86,0.834,6.16,25.7,53.0,1351.6812130177516,11.8
5.0,300.0,4.29,0.642,7.32,32.7,61.0,1430.9252688172044,8.0
5.0,301.0,11.97,1.865,6.81,29.5,59.0,1430.5851839000693,24.8
5.0,302.0,3.41,0.83,4.14,23.2,48.0,1309.357481060606,9.0
5.0,306.0,4.74,1.257,3.71,20.9,58.0,1273.0139578163771,14.2
5.0,307.0,4.72,1.24,3.74,20.9,58.0,1273.9625158831004,13.9
5.0,309.0,4.82,1.011,5.23,26.1,60.0,1393.2085235920852,11.6
5.0,313.0,4.27,0.765,5.72,33.3,65.0,1489.7848583877997,8.0
5.0,315.0,4.61,0.848,5.73,25.9,61.0,1378.425431711146,11.0
5.0,317.0,5.12,0.939,6.11,25.9,51.0,1329.2332859174965,12.0
6.0,3.0,16.67,5.126,3.61,35.5,79.0,1356.9993964996982,28.8
6.0,5.0,13.28,4.127,3.43,35.6,77.0,1381.961684370258,23.3
6.0,6.0,14.44,4.044,4.09,46.4,82.0,1453.2372767857144,19.1
6.0,7.0,13.52,3.897,3.93,41.5,83.0,1393.6267421602788,20.3
6.0,8.0,9.6,3.061,3.53,35.0,77.0,1348.98121085595,16.8
6.0,9.0,25.86,8.072,3.59,37.7,86.0,1407.5638784852267,42.4
6.0,10.0,1.6,0.563,3.19,27.6,66.0,1266.7005076142132,3.6
6.0,12.0,14.71,4.239,3.83,43.3,82.0,1447.581317764804,21.2
6.0,13.0,3.62,1.55,2.37,20.7,56.0,1210.002396166134,11.6
6.0,15.0,5.1,1.808,2.86,27.0,81.0,1237.6887366818873,11.8
6.0,17.0,2.39,0.895,2.89,26.3,56.0,1318.31,5.7
6.0,18.0,0.63,0.289,2.48,19.0,45.0,1222.2627118644068,2.1
8.0,4.0,9.04,1.608,6.19,29.6,80.0,1243.5735430157263,18.6
8.0,5.0,10.02,1.9,5.79,29.3,77.0,1275.5773955773955,20.9
8.0,6.0,9.13,1.736,5.79,30.6,77.0,1276.0559210526317,18.4
8.0,7.0,3.79,0.947,4.19,20.9,56.0,1251.246533127889,11.3
8.0,9.0,1.14,0.264,4.56,21.4,59.0,1210.1806282722514,3.3
8.0,10.0,8.83,1.609,5.99,29.5,91.0,1226.8580188679246,18.2
8.0,11.0,9.13,1.953,5.6,32.2,96.0,1320.6453546453547,17.6
8.0,12.0,8.86,1.531,6.51,32.4,85.0,1698.769587628866,16.4
8.0,13.0,1.17,0.354,3.35,25.7,61.0,1630.4348484848485,2.7
8.0,14.0,38.74,6.854,5.79,46.2,134.0,1747.7619126957682,51.4
8.0,15.0,9.0,2.261,3.92,26.7,63.0,1572.9038461538462,20.7
8.0,18.0,8.89,2.277,3.82,27.8,79.0,1617.0828924162258,19.7
8.0,20.0,8.84,1.44,6.63,29.5,65.0,1610.6727871939736,18.0
8.0,22.0,8.96,1.468,6.63,31.9,69.0,1692.242288557214,17.0
8.0,23.0,1.6,0.509,3.3,24.3,72.0,1577.4305555555557,4.1
8.0,24.0,1.26,0.465,2.73,14.6,32.0,1301.7325581395348,5.6
8.0,25.0,12.95,3.372,3.75,25.9,72.0,1555.7508403361344,30.8
8.0,26.0,13.99,3.461,3.92,27.9,69.0,1610.756008943544,30.7
8.0,27.0,22.83,3.985,6.6,47.8,124.0,1852.6953352769679,28.9
8.0,28.0,7.68,1.984,4.18,27.9,86.0,1648.6957953394124,16.8
8.0,29.0,1.0,0.328,3.07,17.1,34.0,1354.3875598086124,3.6
8.0,30.0,7.47,1.39,6.17,37.3,94.0,1721.2065368567455,12.3
8.0,32.0,5.19,1.031,5.58,25.1,70.0,1529.0231607629428,13.2
8.0,33.0,7.08,1.659,4.44,31.5,69.0,1663.3286163522012,13.7
8.0,34.0,1.21,0.394,3.24,27.8,58.0,1807.9823717948718,2.6
8.0,35.0,8.89,2.126,4.15,30.5,78.0,1625.620253164557,17.6
8.0,36.0,4.83,1.415,3.45,26.5,59.0,1769.586923076923,11.2
8.0,37.0,4.28,0.949,4.36,31.7,68.0,1581.0955114822548,8.3
8.0,38.0,8.82,1.871,5.29,30.2,80.0,1652.59796314258,17.7
8.0,39.0,20.82,4.32,5.97,36.2,88.0,1817.8903296170624,35.4
9.0,1.0,3.23,0.299,11.79,25.3,49.0,1380.4500846023689,7.9
9.0,2.0,6.28,0.516,13.08,27.8,81.0,1415.071186440678,14.0
9.0,4.0,16.17,1.557,11.38,26.8,74.0,1514.3945686900959,36.7
9.0,5.0,3.34,0.317,11.01,23.5,51.0,1334.962962962963,8.7
9.0,6.0,6.89,0.642,11.53,22.7,52.0,1392.0113350125944,18.9
9.0,7.0,10.71,0.936,12.73,27.6,63.0,1472.4377260981912,24.0
9.0,8.0,6.95,0.637,12.51,26.4,59.0,1415.712340425532,16.2
9.0,9.0,9.22,0.782,12.86,32.9,82.0,1579.8758967001436,17.3
9.0,10.0,7.21,0.518,13.82,32.9,80.0,1550.1201445347788,12.7
9.0,11.0,2.5,0.234,11.87,25.7,55.0,1444.0986717267551,6.3
9.0,12.0,3.12,0.316,11.88,25.9,74.0,1613.9176470588236,7.7
9.0,13.0,6.38,0.47,13.13,33.0,62.0,1517.1518987341772,11.2
9.0,14.0,11.75,1.094,11.28,24.9,83.0,1383.2691326530612,26.4
9.0,15.0,16.8,1.292,12.92,27.9,82.0,1381.2226540810661,32.5
9.0,16.0,9.96,0.838,12.51,34.8,79.0,1657.1584158415842,18.6
9.0,17.0,10.84,0.945,12.2,26.3,56.0,1478.7387161484453,25.5
9.0,18.0,16.91,1.552,11.39,31.1,99.0,1590.036189825879,33.8
9.0,19.0,7.61,0.608,12.82,39.7,79.0,1753.6974951830443,11.6
9.0,20.0,17.12,1.273,13.11,37.5,86.0,1685.4213564213564,25.7
9.0,21.0,28.74,1.828,15.08,57.6,109.0,2213.4407200496585,28.4
9.0,22.0,3.27,0.328,11.13,25.7,53.0,1484.004255319149,7.7
9.0,23.0,2.64,0.224,12.05,18.3,55.0,1151.7958236658933,8.3
9.0,24.0,7.19,0.525,13.7,35.7,76.0,1585.196749358426,12.7
9.0,25.0,8.66,0.645,13.08,28.5,84.0,1439.0615570307784,18.5
9.0,26.0,8.18,0.767,11.33,19.7,51.0,1192.8694864048339,25.2
9.0,27.0,22.38,1.99,12.09,25.3,69.0,1441.6663977410246,52.8
9.0,28.0,11.37,0.888,13.24,29.5,88.0,1487.952818627451,24.2
9.0,29.0,8.61,0.653,12.98,29.7,74.0,1453.8132295719845,16.0
9.0,30.0,9.31,0.667,13.68,26.5,77.0,1381.988973706531,19.6
9.0,31.0,2.7,0.258,11.55,26.8,59.0,1463.527508090615,6.2
9.0,32.0,3.19,0.27,13.68,21.9,52.0,1323.7966101694915,8.6
9.0,33.0,2.29,0.212,12.35,21.4,51.0,1323.697247706422,7.0
9.0,34.0,2.67,0.203,14.11,25.4,42.0,1369.6132404181185,6.5
9.0,35.0,0.6,0.048,13.26,20.0,34.0,1400.2588235294118,1.8
9.0,36.0,1.6,0.136,12.45,21.5,51.0,1284.2602040816328,4.5
9.0,37.0,2.51,0.219,12.04,25.3,46.0,1408.020134228188,6.1
9.0,38.0,3.15,0.232,13.94,24.4,53.0,1298.4044943820224,7.8
9.0,41.0,6.41,0.551,12.91,21.9,46.0,1366.393271461717,18.2
9.0,42.0,4.9,0.411,12.5,29.0,73.0,1497.451923076923,10.2
9.0,43.0,2.62,0.242,11.58,28.2,55.0,1533.281954887218,5.8
9.0,44.0,2.95,0.247,13.76,27.4,60.0,1376.608695652174,6.7
9.0,46.0,2.57,0.224,12.17,25.7,52.0,1299.179054054054,6.2
9.0,47.0,9.39,0.718,13.07,32.0,77.0,1571.094746716698,17.3
9.0,49.0,10.6,0.723,13.85,33.8,76.0,1569.9535714285714,18.3
9.0,50.0,3.5,0.321,11.43,25.1,51.0,1414.108818011257,8.4
9.0,51.0,3.35,0.278,12.3,21.7,54.0,1272.6845493562232,9.2
9.0,52.0,1.12,0.122,10.61,19.0,44.0,1266.3520599250937,4.3
9.0,53.0,14.42,1.148,12.71,36.2,74.0,1614.88419224088,24.4
9.0,54.0,6.87,0.472,13.94,31.0,71.0,1500.6354679802955,13.6
9.0,55.0,17.95,1.38,13.22,41.2,80.0,1737.5370041444642,26.1
9.0,56.0,15.18,1.062,14.29,38.2,83.0,1684.549560117302,24.4
9.0,57.0,22.42,1.604,13.65,43.1,94.0,1829.7649746192894,31.2
9.0,58.0,31.07,1.973,15.04,55.7,101.0,2122.8421333333335,31.7
9.0,59.0,3.13,0.266,12.87,25.6,49.0,1442.664418212479,8.3
9.0,60.0,3.47,0.34,10.85,20.4,53.0,1214.0936490850377,10.6
9.0,61.0,22.41,2.021,11.49,22.9,75.0,1349.775249296855,56.0
9.0,62.0,17.0,1.477,12.1,26.0,73.0,1389.1519823788547,38.0
9.0,63.0,20.25,1.757,11.74,21.8,72.0,1275.9837305224564,53.9
9.0,64.0,10.36,0.871,11.94,26.5,77.0,1405.8255733148019,20.6
9.0,65.0,8.9,0.748,11.87,24.6,94.0,1379.5596026490066,19.4
9.0,66.0,25.43,2.373,11.01,22.8,75.0,1295.6608851674641,65.1
9.0,67.0,15.59,1.328,12.02,27.0,82.0,1476.741773308958,33.2
9.0,68.0,14.96,1.423,11.41,27.7,65.0,1483.763829787234,33.4
9.0,69.0,2.81,0.267,11.47,22.4,57.0,1345.8229954614221,7.8
9.0,70.0,6.83,0.643,11.21,18.2,46.0,1338.4700729927008,22.9
9.0,71.0,18.1,1.945,10.48,21.1,62.0,1354.4896798652064,53.2
9.0,72.0,8.56,0.696,12.89,34.3,80.0,1684.3595839524517,15.2
9.0,73.0,10.53,0.91,11.8,28.0,82.0,1493.4503154574134,22.5
9.0,74.0,6.06,0.528,12.69,24.4,52.0,1311.9604779411766,16.2
9.0,75.0,2.98,0.327,11.24,17.0,50.0,1145.468045112782,10.6
9.0,76.0,3.04,0.287,12.37,23.8,63.0,1313.4375,8.2
9.0,77.0,18.04,1.622,11.94,25.5,74.0,1440.7497546614327,41.2
9.0,78.0,12.33,1.027,12.1,20.4,48.0,1258.2051282051282,33.9
9.0,79.0,18.14,1.575,12.69,23.3,63.0,1336.1333700744008,47.3
9.0,80.0,8.51,0.736,12.41,27.1,54.0,1379.528209321341,20.0
9.0,81.0,11.88,1.029,12.73,25.0,59.0,1269.7532467532467,29.1
9.0,82.0,1.52,0.135,12.7,19.0,46.0,1155.3651452282159,5.0
9.0,83.0,10.11,0.871,11.88,30.4,92.0,1445.920792079208,19.5
9.0,84.0,12.61,1.012,13.1,33.3,66.0,1563.0541516245487,24.8
9.0,85.0,8.51,0.646,13.42,30.3,86.0,1509.1237263464338,17.9
9.0,86.0,7.14,0.536,12.1,30.3,82.0,1452.8247126436781,13.8
9.0,87.0,9.28,0.731,12.69,26.8,74.0,1449.1532786885246,20.0
9.0,88.0,5.51,0.53,11.31,25.3,65.0,1363.184008762322,13.2
9.0,89.0,9.66,0.717,13.83,30.3,71.0,1479.1927710843374,19.4
9.0,90.0,7.2,0.534,13.65,27.0,79.0,1324.6732394366197,15.5
9.0,91.0,19.12,1.88,11.59,24.6,70.0,1427.0156678417547,46.2
9.0,92.0,9.99,0.762,13.25,34.1,74.0,1602.4431256181997,16.9
9.0,93.0,21.5,1.887,12.44,31.5,66.0,1549.122497616778,41.1
9.0,94.0,7.71,0.623,12.48,35.3,92.0,1623.7811023622048,12.8
9.0,95.0,26.32,2.003,13.17,32.7,86.0,1531.3943298969073,48.4
9.0,96.0,11.63,0.999,12.85,28.8,77.0,1499.6224430157802,24.6
9.0,97.0,5.94,0.473,13.47,24.7,57.0,1391.4747634069402,14.5
9.0,98.0,3.18,0.311,10.72,22.8,53.0,1353.5194805194806,9.0
9.0,99.0,9.98,0.785,12.4,24.9,75.0,1337.9031187790313,22.7
9.0,100.0,25.05,2.219,11.44,25.9,74.0,1426.0581095991174,56.9
9.0,101.0,29.71,2.517,12.24,34.2,76.0,1598.4674380165288,54.0
9.0,102.0,20.62,1.619,13.16,35.9,94.0,1702.7067669172932,35.8
9.0,103.0,5.7,0.577,10.5,22.2,60.0,1337.2443026435733,16.2
9.0,104.0,11.01,0.825,13.4,27.5,69.0,1506.40694239291,23.4
9.0,105.0,15.65,1.153,13.45,31.5,72.0,1489.6392128279883,28.3
9.0,106.0,57.91,4.407,13.28,71.7,138.0,2673.1718434852764,51.9
9.0,107.0,1.02,0.101,11.72,14.2,44.0,1077.4064748201438,4.0
9.0,108.0,14.23,1.057,13.46,37.8,88.0,1669.815168897387,24.1
9.0,109.0,59.06,3.964,14.27,55.6,115.0,2183.538984973065,61.9
9.0,110.0,14.28,1.126,12.95,31.7,88.0,1556.6905901116427,27.6
9.0,111.0,12.95,1.042,12.36,28.6,75.0,1515.353795379538,26.8
9.0,112.0,13.3,0.953,13.47,35.3,77.0,1585.4237123420796,22.7
9.0,113.0,9.97,0.751,13.01,27.9,83.0,1413.6165884194054,20.3
9.0,114.0,2.63,0.249,11.37,24.3,54.0,1383.2787878787879,6.2
9.0,115.0,12.17,1.015,12.6,44.2,93.0,1860.727143869596,17.8
9.0,117.0,6.96,0.511,14.11,48.7,89.0,1979.3897996357014,9.2
9.0,118.0,10.16,0.913,11.03,32.6,73.0,1567.2716606498195,18.2
9.0,119.0,12.44,1.077,11.8,25.1,88.0,1391.8800259403372,27.1
9.0,120.0,10.18,0.931,12.31,26.5,61.0,1529.8628571428571,23.9
9.0,121.0,7.63,0.593,12.6,32.8,76.0,1569.7707692307692,13.5
9.0,122.0,15.08,1.211,13.24,37.9,74.0,1628.9442355889723,24.5
9.0,123.0,18.91,1.409,13.25,31.0,87.0,1506.9778597785978,36.0
9.0,124.0,12.52,0.958,13.59,33.2,74.0,1601.468797564688,24.2
9.0,125.0,11.68,1.003,11.72,27.9,74.0,1502.4285714285713,23.4
9.0,126.0,52.59,3.942,13.41,43.8,103.0,1876.7372586261474,78.2
9.0,127.0,6.34,0.521,12.92,21.0,56.0,1278.5308056872038,17.8
9.0,128.0,2.65,0.274,10.35,21.4,53.0,1260.392961876833,7.9
9.0,129.0,10.15,0.761,13.25,27.3,74.0,1504.003434065934,20.7
9.0,130.0,7.08,0.527,12.66,28.3,85.0,1491.3527653213753,14.0
9.0,131.0,1.75,0.142,12.89,29.1,53.0,1578.5555555555557,3.9
9.0,132.0,2.54,0.257,10.16,23.9,49.0,1350.968847352025,6.5
9.0,133.0,2.99,0.239,11.99,21.3,48.0,1244.7102564102563,8.2
9.0,134.0,2.77,0.266,10.87,21.2,54.0,1287.014705882353,7.2
9.0,135.0,2.97,0.205,14.6,23.3,48.0,1294.5,7.7
9.0,136.0,0.54,0.049,10.39,18.3,35.0,1263.8988764044943,1.8
9.0,137.0,0.84,0.072,13.19,15.4,30.0,1204.5587188612099,3.5
9.0,139.0,2.28,0.255,9.36,24.9,52.0,1499.1178707224335,5.5
9.0,140.0,16.98,1.474,12.74,27.1,67.0,1437.7998712998713,38.7
9.0,141.0,0.54,0.06,10.71,14.3,29.0,1165.1490683229813,2.8
9.0,142.0,3.6,0.367,10.97,21.4,53.0,1315.8147540983607,9.8
9.0,143.0,3.58,0.286,13.24,25.9,60.0,1518.719008264463,8.6
9.0,144.0,10.44,0.868,12.77,29.8,61.0,1506.103678929766,21.3
9.0,145.0,4.5,0.449,10.47,23.9,57.0,1409.1699882766707,11.0
9.0,146.0,2.17,0.193,11.21,20.2,52.0,1308.25,6.5
9.0,147.0,2.86,0.236,13.18,23.8,52.0,1340.4684684684685,7.4
9.0,149.0,2.74,0.263,10.96,27.4,56.0,1434.6666666666667,6.1
9.0,150.0,2.88,0.24,12.51,28.7,61.0,1444.2581818181818,6.1
9.0,151.0,7.48,0.544,13.94,37.1,76.0,1577.4269102990033,12.0
9.0,153.0,11.0,0.887,12.31,27.3,68.0,1510.218493150685,23.3
9.0,154.0,2.65,0.242,11.96,27.2,49.0,1396.9278350515465,5.9
9.0,155.0,11.13,0.841,13.3,40.2,81.0,1767.4614285714285,16.6
9.0,157.0,6.57,0.55,12.9,20.6,56.0,1209.6736263736263,19.0
10.0,1.0,64.02,6.48,10.66,42.8,81.0,1235.9184695726315,94.8
10.0,2.0,20.21,1.886,10.92,55.6,85.0,1357.6255877742947,23.6
10.0,4.0,83.24,8.602,10.02,41.1,77.0,1252.4783959138597,123.4
10.0,5.0,98.37,8.959,11.38,51.1,80.0,1332.2577524893313,113.7
10.0,6.0,79.82,8.071,10.2,44.9,98.0,1266.505946562398,110.4
10.0,7.0,2.1,0.299,6.79,21.7,50.0,1047.9932795698924,5.5
10.0,9.0,32.38,3.761,9.08,35.9,77.0,1182.8727923627685,55.9
10.0,10.0,3.98,0.613,6.98,25.2,52.0,1093.1848341232228,10.0
10.0,11.0,3.52,0.564,7.07,23.5,61.0,1079.2030303030303,10.3
10.0,12.0,0.58,0.092,6.97,24.5,44.0,1093.1858974358975,1.5
10.0,13.0,14.12,1.413,11.12,47.3,76.0,1306.2719078617927,19.8
10.0,14.0,33.57,3.453,10.39,45.7,86.0,1261.0603425207385,45.4
10.0,15.0,23.24,2.711,8.73,41.3,79.0,1261.787204450626,33.8
10.0,16.0,3.89,0.623,6.93,26.7,77.0,1145.4592875318067,9.0
10.0,17.0,2.06,0.318,7.37,28.1,69.0,1132.0748502994013,4.9
10.0,18.0,2.54,0.354,7.72,32.5,67.0,1198.5250896057348,4.8
10.0,19.0,6.22,0.808,8.14,30.4,65.0,1180.6717277486912,12.9
10.0,20.0,2.44,0.504,5.18,22.3,49.0,1019.1623931623932,6.6
10.0,22.0,3.3,0.51,6.55,21.4,50.0,1087.6783216783217,9.4
10.0,23.0,0.56,0.132,4.2,12.5,25.0,1022.9137931034483,2.6
10.0,24.0,3.55,0.517,7.46,24.3,53.0,1062.9896103896103,9.4
10.0,25.0,2.07,0.408,5.15,15.1,33.0,1026.5680970149253,8.2
10.0,26.0,4.43,0.726,6.62,22.6,63.0,1107.562755102041,13.3
10.0,27.0,2.15,0.311,7.23,23.1,50.0,1100.4244833068362,5.9
10.0,28.0,22.7,2.448,9.83,41.6,81.0,1260.5455429047486,34.0
10.0,29.0,20.55,2.47,8.6,42.0,97.0,1268.8067387158296,34.0
10.0,30.0,1.25,0.215,6.05,20.9,49.0,1104.6824644549763,3.7
10.0,31.0,5.25,0.89,6.8,25.5,64.0,1174.0318444995864,14.0
10.0,32.0,31.09,3.046,10.88,45.5,79.0,1223.9251743817374,42.2
10.0,33.0,17.79,1.918,9.72,41.6,83.0,1189.9874916611075,26.5
10.0,34.0,1.07,0.271,3.97,18.7,35.0,1027.0098039215686,3.4
10.0,36.0,14.39,1.807,8.12,42.4,108.0,1292.6183554817276,21.2
10.0,37.0,4.53,0.725,6.78,24.6,56.0,1175.162017167382,12.1
10.0,38.0,4.24,0.83,5.31,15.8,45.0,1008.5812324929972,16.5
10.0,39.0,2.51,0.42,6.42,23.0,48.0,1137.1529562982005,6.8
10.0,40.0,5.19,0.79,6.81,24.4,65.0,1099.9797238999138,13.8
10.0,41.0,2.19,0.444,5.19,15.0,32.0,992.5182926829268,9.1
10.0,42.0,2.24,0.319,8.04,29.8,64.0,1229.682142857143,4.8
10.0,43.0,1.51,0.328,5.99,21.6,42.0,1132.094951923077,4.5
10.0,44.0,0.69,0.125,5.82,19.4,38.0,1036.84375,2.1
10.0,45.0,1.2,0.218,5.83,18.8,37.0,1011.259825327511,3.9
10.0,46.0,0.92,0.185,5.35,15.7,30.0,989.704268292683,3.7
10.0,47.0,3.63,0.449,7.98,29.0,65.0,1140.4805068226121,7.1
10.0,48.0,1.92,0.253,7.54,23.2,46.0,1129.1778523489934,5.0
10.0,49.0,4.31,0.676,6.8,24.0,57.0,1151.4791666666667,11.4
10.0,50.0,4.15,0.691,6.72,23.7,53.0,1114.8461883408072,11.5
10.0,51.0,3.84,0.494,8.33,28.9,53.0,1178.37023977433,8.3
10.0,52.0,3.88,0.481,8.42,30.7,60.0,1207.7591706539074,7.5
10.0,53.0,11.04,1.071,10.67,35.5,62.0,1147.413098878695,19.2
10.0,54.0,5.67,0.562,10.95,43.1,64.0,1282.418514412417,8.1
10.0,55.0,6.11,0.588,10.81,38.6,64.0,1285.7846820809248,9.7
10.0,56.0,11.76,1.334,8.98,41.2,82.0,1329.5860362836725,17.7
10.0,57.0,4.43,0.665,6.56,20.7,46.0,1117.1882898062343,12.8
10.0,58.0,3.38,0.696,5.21,16.0,47.0,1011.8837814397225,13.5
10.0,59.0,3.64,0.599,6.44,20.1,51.0,1056.869927159209,11.6
10.0,60.0,4.73,0.712,6.72,21.3,47.0,1067.8790523690773,13.6
10.0,62.0,2.71,0.56,4.77,27.1,52.0,1122.9540389972144,6.0
10.0,63.0,3.07,0.492,7.38,31.6,71.0,1116.9239130434783,6.6
10.0,64.0,5.53,0.76,7.58,25.1,54.0,1126.6114232209738,13.8
10.0,65.0,5.23,0.8,7.04,22.5,49.0,1102.3534956794972,14.6
10.0,66.0,2.54,0.371,7.62,26.9,55.0,1171.2011686143574,6.1
10.0,67.0,3.44,0.578,6.7,27.3,57.0,1120.596599690881,7.3
10.0,68.0,13.56,1.768,7.66,30.9,91.0,1183.8957518166574,25.0
10.0,69.0,22.01,2.354,9.58,51.7,96.0,1367.4907183212267,27.3
10.0,70.0,2.15,0.363,5.93,18.5,45.0,1049.733644859813,6.9
10.0,71.0,15.17,1.7,8.74,45.4,92.0,1303.3178100863245,21.1
10.0,72.0,0.88,0.174,5.14,17.2,41.0,999.7023460410558,3.2
10.0,73.0,1.37,0.217,6.81,30.3,50.0,1263.638888888889,3.1
10.0,74.0,2.22,0.38,6.42,22.2,54.0,1127.765541740675,6.9
10.0,75.0,41.47,4.782,8.76,56.6,104.0,1433.4131432944328,45.4
10.0,76.0,6.17,1.067,5.44,22.8,71.0,1136.9675496688742,16.8
10.0,77.0,43.08,4.602,9.68,46.9,83.0,1308.9152019734813,56.3
10.0,78.0,3.25,0.571,5.74,18.9,44.0,1093.4470766129032,10.2
10.0,79.0,1.92,0.314,6.17,19.0,42.0,1054.8455882352941,6.0
10.0,80.0,3.32,0.496,7.2,22.9,53.0,1102.6690391459074,9.4
10.0,81.0,2.04,0.335,6.68,20.0,47.0,1098.1994459833795,6.5
10.0,82.0,3.69,0.613,6.47,23.9,52.0,1103.6523631840796,9.4
10.0,83.0,3.05,0.484,6.38,20.1,43.0,1049.8072855464159,8.9
10.0,84.0,4.74,0.784,6.45,22.5,66.0,1115.4013632718525,13.5
10.0,85.0,18.74,2.222,8.32,30.5,70.0,1161.1055974593091,34.2
10.0,86.0,0.52,0.086,6.09,19.1,34.0,1056.1785714285713,1.6
10.0,87.0,3.31,0.373,9.19,31.2,59.0,1169.3889763779528,6.0
10.0,88.0,20.74,2.668,7.92,29.6,65.0,1147.9802144970415,41.5
10.0,89.0,3.11,0.547,5.39,17.3,53.0,1031.292766934558,10.3
10.0,90.0,1.33,0.236,5.85,18.9,42.0,1081.8153526970955,4.3
10.0,91.0,2.77,0.401,7.46,23.5,42.0,1083.8409722222223,7.5
10.0,92.0,3.86,0.502,7.81,24.9,53.0,1075.6913499344691,9.4
10.0,93.0,5.22,0.697,7.99,27.4,61.0,1125.7342342342342,12.1
10.0,95.0,1.85,0.28,7.78,31.8,60.0,1228.877358490566,3.9
10.0,96.0,20.59,2.113,10.88,48.0,79.0,1319.253866403422,26.3
10.0,97.0,21.34,2.235,9.84,38.9,70.0,1213.6345074017356,33.2
10.0,98.0,2.87,0.318,9.47,37.9,61.0,1202.4288389513108,4.5
10.0,99.0,5.97,0.763,8.51,30.2,60.0,1208.0750625521268,12.2
10.0,100.0,1.74,0.303,5.98,20.0,49.0,1070.5148367952522,5.1
10.0,101.0,16.05,2.345,7.12,46.3,119.0,1392.9741315594974,20.7
10.0,102.0,28.08,3.218,8.71,51.7,106.0,1400.6719833564493,35.5
10.0,103.0,1.31,0.283,4.24,15.6,51.0,1046.7783171521035,4.6
10.0,104.0,13.47,1.868,7.03,43.3,106.0,1334.75,18.8
10.0,105.0,2.43,0.353,6.93,22.6,48.0,1086.2259100642398,6.3
10.0,106.0,2.45,0.39,6.34,19.6,42.0,1079.1992551210428,7.6
10.0,107.0,2.27,0.302,8.23,27.1,50.0,1150.0791666666667,5.2
10.0,108.0,2.88,0.557,5.45,22.0,51.0,1074.426168224299,7.4
10.0,109.0,2.44,0.389,6.41,19.3,44.0,1002.8669673055242,7.8
10.0,110.0,16.26,1.673,9.97,45.2,93.0,1292.3817384036774,22.4
10.0,111.0,23.62,2.127,11.7,50.0,82.0,1295.9907368421052,28.4
10.0,112.0,24.71,2.315,11.02,53.8,94.0,1347.15234375,30.6
10.0,113.0,16.96,1.886,8.99,36.2,80.0,1169.0316174134095,29.5
10.0,114.0,4.55,0.556,8.45,30.3,58.0,1141.4064475347661,9.3
10.0,115.0,0.7,0.118,5.95,17.9,32.0,1036.4166666666667,2.4
10.0,116.0,2.21,0.434,5.4,17.2,48.0,1029.3904185022027,8.2
10.0,117.0,2.87,0.464,6.97,31.5,69.0,1242.3180428134556,5.6
10.0,118.0,5.35,0.841,6.69,22.2,53.0,1094.8467741935483,14.4
10.0,119.0,64.22,6.911,9.34,42.7,90.0,1265.7118104667609,86.6
10.0,120.0,46.66,5.299,8.44,52.8,96.0,1491.7026649746192,51.9
10.0,121.0,50.54,5.426,9.23,48.1,97.0,1319.9556609610229,61.5
10.0,122.0,8.39,0.863,8.72,48.3,93.0,1323.4870759289176,9.8
10.0,123.0,0.78,0.18,4.48,13.0,27.0,1008.9850746268656,3.8
10.0,124.0,2.51,0.405,6.39,20.2,49.0,1112.4483146067416,7.6
10.0,125.0,48.23,5.451,9.31,51.6,96.0,1390.848750743605,55.4
10.0,126.0,81.53,9.043,8.74,40.9,88.0,1251.3081818181818,118.5
10.0,127.0,28.62,3.031,9.36,41.9,98.0,1226.4871642969983,37.8
10.0,128.0,2.54,0.335,7.68,24.2,40.0,1098.0892370572208,6.4
10.0,129.0,1.39,0.231,6.09,18.2,42.0,1011.671511627907,4.5
10.0,130.0,1.13,0.173,7.5,27.7,54.0,1178.551194539249,2.5
10.0,131.0,3.19,0.504,6.88,25.6,60.0,1166.1552845528456,7.4
10.0,132.0,7.68,1.094,7.37,25.3,61.0,1152.8984623541887,18.7
10.0,133.0,20.72,2.575,8.12,38.3,103.0,1294.5771244462344,31.1
10.0,135.0,2.62,0.451,6.19,21.3,44.0,1092.75,7.7
10.0,136.0,1.59,0.298,5.73,19.3,42.0,1071.2611806797854,5.4
10.0,137.0,30.94,3.296,10.15,45.9,98.0,1306.0934644142897,42.8
10.0,138.0,2.83,0.392,7.26,24.8,46.0,1095.2317073170732,6.9
10.0,139.0,2.82,0.432,6.9,23.6,56.0,1164.9121779859486,7.4
10.0,140.0,2.89,0.501,5.84,16.8,38.0,980.3839285714286,10.5
10.0,141.0,2.88,0.448,6.44,21.5,50.0,1057.7390396659707,8.2
10.0,143.0,1.02,0.214,5.24,18.4,36.0,1020.2474747474747,3.4
10.0,144.0,1.45,0.292,5.56,18.2,41.0,1043.1675900277007,5.4
10.0,145.0,4.65,0.601,8.49,32.7,66.0,1192.8568548387098,9.0
10.0,146.0,108.04,10.815,10.37,54.1,90.0,1357.7386848847138,120.7
10.0,147.0,83.62,9.226,9.48,47.3,97.0,1342.0077736816797,106.3
10.0,149.0,2.6,0.361,7.51,27.7,69.0,1074.5464788732395,6.0
10.0,150.0,0.85,0.153,5.56,16.7,34.0,975.9076086956521,3.0
10.0,152.0,2.37,0.397,6.42,22.7,51.0,1107.5561497326203,6.4
10.0,153.0,3.38,0.503,7.42,25.6,60.0,1134.7012711864406,8.2
10.0,154.0,130.49,12.711,10.8,50.5,92.0,1332.0428103104712,160.4
10.0,155.0,0.64,0.122,5.36,16.7,35.0,976.5615942028985,2.4
10.0,156.0,2.11,0.295,7.06,31.3,55.0,1173.940329218107,4.0
10.0,157.0,1.54,0.324,4.83,18.4,61.0,1112.3367003367002,5.2
10.0,158.0,1.13,0.195,5.97,17.2,37.0,938.1025641025641,4.0
10.0,159.0,2.86,0.468,6.32,25.9,59.0,1153.699494949495,6.8
10.0,161.0,1.91,0.268,7.65,29.6,61.0,1147.282327586207,4.0
10.0,163.0,1.86,0.222,9.17,35.1,59.0,1203.2905759162304,3.2
10.0,164.0,0.89,0.124,7.85,29.5,59.0,1117.3211009174313,1.8
10.0,165.0,2.62,0.37,7.54,25.3,52.0,1147.4851752021564,6.3
10.0,166.0,1.31,0.231,6.0,22.7,48.0,1154.3149038461538,3.4
10.0,167.0,13.18,1.252,10.61,48.9,83.0,1285.495341614907,16.4
10.0,168.0,14.42,1.683,8.35,42.6,94.0,1310.3678929765886,20.5
10.0,169.0,2.89,0.37,8.23,28.7,57.0,1132.9972527472528,6.2
10.0,170.0,1.88,0.254,7.6,24.7,43.0,1183.224820143885,4.6
10.0,171.0,1.93,0.251,7.91,25.4,46.0,1083.029304029304,4.6
10.0,172.0,4.41,0.651,7.03,21.6,41.0,1099.9822404371585,12.5
10.0,173.0,38.51,3.691,10.9,43.0,74.0,1276.0635328967883,54.6
10.0,174.0,0.76,0.097,8.26,25.4,46.0,991.8616071428571,1.9
10.0,175.0,2.02,0.358,6.29,27.1,85.0,1212.7462962962964,4.8
10.0,176.0,1.95,0.236,8.62,31.6,56.0,1164.5222222222221,3.8
10.0,177.0,10.64,1.276,8.58,37.0,73.0,1258.7274193548387,17.6
10.0,178.0,58.79,5.477,11.32,50.6,82.0,1331.3444023928703,71.0
10.0,179.0,2.6,0.388,7.21,24.2,52.0,1173.3108808290156,6.7
10.0,180.0,1.02,0.163,6.41,20.2,38.0,989.2732240437158,3.0
10.0,182.0,2.26,0.266,9.31,31.6,56.0,1095.3513513513512,4.4
10.0,183.0,1.99,0.281,7.3,22.9,43.0,1096.724358974359,5.2
10.0,184.0,1.01,0.239,4.53,13.5,32.0,959.0842911877395,4.7
10.0,185.0,13.74,1.306,10.42,41.0,70.0,1199.936303080766,20.4
10.0,187.0,15.72,1.315,12.62,52.5,76.0,1205.5127118644068,17.9
10.0,188.0,2.14,0.34,6.73,23.3,63.0,1086.2051671732522,5.5
10.0,191.0,30.11,3.245,9.37,45.2,92.0,1270.835141903172,40.2
10.0,193.0,2.27,0.262,9.35,35.3,71.0,1145.2264957264956,3.9
10.0,194.0,1.83,0.237,7.86,23.9,44.0,1093.6648936170213,4.6
10.0,195.0,3.73,0.5,7.74,24.4,51.0,1069.796062992126,9.5
10.0,196.0,3.24,0.367,8.99,28.8,51.0,1118.5906862745098,6.8
10.0,198.0,14.8,1.423,10.59,44.3,65.0,1434.3857740585775,20.4
10.0,199.0,15.77,2.097,7.27,37.8,98.0,1257.207366984993,25.6
10.0,200.0,1.92,0.303,6.67,24.4,51.0,1096.1737588652481,4.8
10.0,201.0,2.17,0.315,7.35,25.9,51.0,1119.0616666666667,5.1
10.0,202.0,0.51,0.131,4.13,13.1,24.0,945.863309352518,2.4
10.0,203.0,1.4,0.159,9.58,34.7,57.0,1114.6496598639455,2.4
10.0,205.0,1.96,0.303,6.81,24.6,57.0,1220.084745762712,5.0
10.0,206.0,1.0,0.188,5.86,18.0,33.0,998.748717948718,3.5
10.0,209.0,2.75,0.392,7.03,23.2,51.0,1079.0152582159624,7.3
10.0,210.0,1.95,0.277,7.09,24.2,54.0,1109.3092783505156,4.8
10.0,212.0,6.55,0.98,6.83,25.6,78.0,1111.3262295081968,15.9
10.0,213.0,11.44,1.746,6.83,23.0,64.0,1102.0292957746478,30.4
10.0,214.0,1.84,0.335,5.97,18.9,43.0,1079.7407407407406,6.4
10.0,215.0,1.91,0.306,6.53,20.9,42.0,1054.166163141994,5.8
10.0,216.0,4.58,0.627,7.86,30.7,63.0,1261.2815985130112,9.0
10.0,217.0,2.89,0.414,7.56,25.8,63.0,1087.4222222222222,6.8
10.0,219.0,1.91,0.292,6.76,21.4,56.0,1049.0815047021943,5.4
10.0,221.0,2.6,0.422,6.81,24.6,53.0,1115.7883597883597,6.4
10.0,222.0,2.56,0.418,6.95,29.5,68.0,1177.917741935484,5.4
10.0,223.0,20.06,3.452,5.86,35.4,69.0,1251.0584432717678,34.6
10.0,224.0,2.83,0.429,6.76,22.4,52.0,1101.2568359375,7.5
10.0,225.0,2.31,0.366,6.29,19.2,41.0,1042.8656126482213,7.0
10.0,226.0,13.18,1.26,10.37,46.6,90.0,1283.2531219980788,16.3
10.0,227.0,12.84,1.584,7.69,43.4,101.0,1323.6345609065156,17.5
10.0,228.0,20.18,2.619,8.08,35.0,83.0,1188.2834667402706,39.3
10.0,229.0,1.62,0.24,7.14,26.4,53.0,1133.50935828877,4.0
10.0,230.0,4.58,0.734,6.62,20.3,46.0,1046.657735522904,13.9
10.0,231.0,3.48,0.51,7.15,29.3,63.0,1188.7218309859154,7.4
10.0,233.0,4.8,0.947,5.11,22.1,48.0,1051.704678362573,13.7
10.0,234.0,17.14,2.637,6.87,38.5,69.0,1293.039714190761,28.2
10.0,235.0,19.21,2.079,9.65,38.7,73.0,1206.54294205052,31.6
10.0,236.0,2.89,0.458,6.88,28.3,67.0,1201.8210884353741,6.6
10.0,237.0,3.31,0.476,7.38,24.3,49.0,1084.280244173141,8.4
10.0,238.0,3.38,0.472,7.33,22.6,58.0,1039.3684516880094,8.6
10.0,239.0,3.9,0.553,7.35,24.9,47.0,1141.183156654888,9.6
10.0,240.0,6.14,0.893,7.76,27.0,58.0,1142.0925311203318,14.3
10.0,241.0,13.67,1.413,8.75,34.1,77.0,1153.1888674388674,21.7
10.0,242.0,16.89,2.121,7.83,35.5,92.0,1215.5050371155885,27.9
10.0,243.0,3.25,0.449,7.47,24.5,57.0,1139.0850746268657,8.0
10.0,244.0,3.52,0.459,8.53,28.0,60.0,1107.21875,7.8
10.0,246.0,3.24,0.487,7.0,22.8,47.0,1183.4464968152865,8.6
10.0,247.0,1.35,0.251,5.52,17.3,38.0,1086.8782894736842,4.7
10.0,248.0,3.84,0.607,6.63,22.3,58.0,1088.4782338308457,10.0
10.0,249.0,3.87,0.668,5.84,18.5,56.0,1034.7047952047951,11.9
10.0,250.0,15.94,1.917,7.43,34.7,112.0,1222.5511221945137,23.0
10.0,251.0,14.29,1.777,7.94,39.6,90.0,1254.0945293644409,21.7
10.0,252.0,5.82,0.83,7.25,28.3,67.0,1217.3612804878048,12.4
10.0,253.0,2.43,0.363,6.65,23.8,61.0,1117.066037735849,6.3
10.0,256.0,4.62,0.62,7.52,26.4,55.0,1153.5403726708075,10.1
10.0,257.0,5.88,0.789,7.3,24.0,56.0,1129.3347701149426,13.9
10.0,258.0,13.5,1.052,11.67,43.1,67.0,1224.5933333333332,16.9
10.0,259.0,12.05,1.512,8.26,33.2,80.0,1245.6774193548388,22.7
10.0,260.0,26.69,2.916,9.8,45.9,91.0,1306.6181364392678,36.1
10.0,261.0,3.54,0.525,6.91,27.5,56.0,1188.350754936121,7.9
10.0,262.0,4.08,0.495,9.03,31.7,55.0,1215.9225067385444,7.9
10.0,263.0,2.71,0.377,7.32,23.3,50.0,1063.9719710669078,7.0
10.0,264.0,1.4,0.239,6.09,18.8,37.0,1086.2260479041915,4.6
10.0,265.0,83.02,7.903,10.68,52.5,96.0,1339.8333040884365,94.2
10.0,266.0,19.88,2.674,7.72,34.3,81.0,1188.225822287678,35.1
10.0,267.0,12.18,1.896,6.65,29.4,79.0,1195.477551020408,25.5
10.0,268.0,14.54,1.887,7.85,33.6,75.0,1216.8764289602614,24.5
10.0,269.0,3.18,0.39,8.42,26.9,48.0,1080.5141176470588,7.2
10.0,270.0,15.79,1.547,10.37,41.1,76.0,1248.383491599708,23.2
10.0,272.0,2.13,0.234,9.57,38.8,68.0,1310.4747474747476,3.3
10.0,273.0,8.12,0.692,12.46,58.4,82.0,1310.5258799171843,8.3
10.0,275.0,3.08,0.52,6.32,20.3,47.0,1069.5415129151293,9.4
10.0,276.0,2.05,0.386,5.54,17.7,51.0,1060.5594660194174,7.2
10.0,277.0,2.17,0.336,6.99,26.4,63.0,1169.6600660066006,5.1
10.0,278.0,1.96,0.241,8.54,30.0,52.0,1192.2139830508474,3.9
10.0,281.0,2.35,0.354,7.45,27.9,49.0,1129.3807947019868,5.1
10.0,282.0,1.03,0.17,6.23,25.4,59.0,1228.4598540145985,2.5
10.0,283.0,1.59,0.243,6.95,22.7,46.0,1093.7469879518073,4.4
10.0,285.0,4.56,0.614,7.6,23.5,52.0,1102.5208333333333,11.9
10.0,286.0,2.49,0.338,7.6,23.8,53.0,1048.7912234042553,6.4
10.0,287.0,2.47,0.415,6.2,19.3,42.0,1078.9372246696034,8.0
10.0,288.0,12.85,1.146,11.32,57.6,89.0,1407.832258064516,13.7
10.0,291.0,17.41,1.912,9.48,34.8,62.0,1174.2860766629087,30.2
10.0,293.0,1.39,0.259,5.58,18.0,34.0,974.2648148148148,4.6
10.0,294.0,1.05,0.256,4.31,12.5,24.0,991.4123711340206,5.2
10.0,296.0,3.06,0.473,6.84,22.1,55.0,1078.262145748988,8.6
10.0,297.0,1.9,0.302,6.27,17.7,36.0,989.3639896373057,6.5
10.0,300.0,1.73,0.297,6.03,18.2,36.0,1077.0984848484848,5.9
10.0,301.0,21.75,1.757,13.19,47.8,66.0,1193.3480934809347,27.5
10.0,304.0,4.66,0.525,8.99,32.8,62.0,1170.376753507014,8.7
10.0,306.0,5.19,0.513,10.5,38.5,52.0,1170.204356846473,8.1
10.0,307.0,1.32,0.116,11.99,42.2,55.0,1319.6194690265486,1.9
10.0,308.0,11.15,1.076,11.18,42.7,62.0,1228.7574786324785,15.8
10.0,309.0,2.15,0.326,7.03,29.0,47.0,1173.2556390977443,4.5
10.0,310.0,0.93,0.156,6.11,18.2,36.0,1018.7814207650273,3.1
10.0,311.0,1.9,0.28,6.82,21.8,43.0,1138.8541666666667,5.3
10.0,313.0,2.17,0.318,6.95,21.0,45.0,1024.0951086956522,6.4
10.0,316.0,2.65,0.399,7.01,24.8,51.0,1141.9934554973822,6.5
10.0,317.0,1.93,0.23,8.41,29.6,52.0,1230.6063829787233,4.0
10.0,318.0,4.0,0.53,8.03,29.3,66.0,1197.6871101871102,8.2
10.0,319.0,11.13,0.908,12.89,57.0,77.0,1336.621776504298,11.8
10.0,321.0,12.37,1.203,10.76,49.5,81.0,1366.6683615819209,15.3
10.0,322.0,4.38,0.671,6.63,21.2,52.0,1068.7380300957593,12.6
10.0,325.0,1.94,0.257,7.58,24.7,52.0,1131.6285714285714,4.8
10.0,328.0,2.67,0.421,6.81,25.5,54.0,1150.1336898395723,6.5
10.0,329.0,4.47,0.62,7.59,24.3,46.0,1161.357142857143,11.2
10.0,330.0,11.61,0.964,12.69,52.3,81.0,1309.8788265306123,13.4
10.0,331.0,14.22,1.701,8.51,45.7,93.0,1339.768493150685,19.0
10.0,332.0,1.26,0.239,5.32,16.7,30.0,1060.1022727272727,4.5
10.0,333.0,35.11,3.913,9.43,45.7,83.0,1311.4410265744448,46.2
10.0,334.0,63.25,6.336,10.32,45.5,97.0,1282.4674023081595,84.0
10.0,335.0,4.6,0.522,8.81,29.7,50.0,1154.044964028777,9.3
10.0,336.0,15.7,1.667,9.9,37.6,89.0,1252.4173913043478,25.1
10.0,337.0,1.97,0.283,7.02,21.5,45.0,1123.2384615384615,5.5
10.0,338.0,0.98,0.139,7.16,22.0,39.0,1101.1103896103896,2.7
10.0,339.0,8.66,0.728,12.32,47.4,65.0,1256.1594761171032,11.2
10.0,341.0,1.39,0.173,8.56,38.7,72.0,1226.3658536585365,2.4
10.0,342.0,1.2,0.139,8.77,30.5,43.0,1355.0780141843973,2.4
10.0,344.0,13.25,1.388,9.34,36.0,71.0,1220.8212898212898,22.1
10.0,345.0,88.18,9.166,10.16,46.1,105.0,1301.096551724138,115.6
10.0,346.0,1.36,0.268,5.16,15.6,38.0,1063.3810289389069,5.4
10.0,349.0,0.53,0.099,5.51,17.4,28.0,1154.736111111111,1.8
10.0,350.0,2.08,0.228,9.32,32.3,55.0,1236.1089743589744,3.8
10.0,351.0,2.24,0.299,7.55,22.3,40.0,1072.5193370165746,6.0
10.0,352.0,0.52,0.117,4.85,13.5,24.0,942.1481481481482,2.5
10.0,354.0,1.95,0.279,7.59,30.0,60.0,1119.8050847457628,3.9
10.0,355.0,2.15,0.296,7.51,25.8,52.0,1158.8168316831684,5.0
10.0,357.0,13.57,1.351,10.16,39.1,71.0,1184.1131770412287,21.0
10.0,358.0,1.1,0.123,9.03,35.7,57.0,1201.3849557522124,1.9
10.0,359.0,13.6,1.24,11.27,43.1,71.0,1225.911051212938,19.5
10.0,360.0,2.84,0.37,7.69,25.0,50.0,1072.6580882352941,6.9
10.0,361.0,2.43,0.293,8.29,26.7,50.0,1133.5323076923078,5.6
10.0,362.0,2.55,0.298,8.85,29.6,45.0,1246.1132686084143,5.2
10.0,364.0,1.94,0.226,8.65,27.0,46.0,1114.7256809338521,4.3
10.0,368.0,0.51,0.145,3.55,12.7,25.0,963.3380281690141,2.4
10.0,369.0,2.39,0.294,8.44,28.8,50.0,1133.1929530201342,5.0
10.0,370.0,3.14,0.602,5.42,15.2,34.0,970.4809264305177,12.8
10.0,371.0,0.7,0.129,5.65,16.3,36.0,1010.9738562091503,2.7
10.0,373.0,2.8,0.526,5.73,17.5,40.0,1029.3339253996448,10.4
10.0,374.0,1.76,0.332,5.55,17.7,39.0,1082.8384831460673,6.2
10.0,375.0,0.78,0.168,4.97,15.1,27.0,1012.4863387978143,3.3
10.0,376.0,2.36,0.395,5.98,17.8,40.0,978.401052631579,8.0
10.0,377.0,2.37,0.305,7.82,24.1,45.0,1064.0718309859155,5.9
10.0,380.0,1.88,0.293,6.61,19.8,43.0,1047.0530973451328,5.9
10.0,381.0,2.05,0.291,7.28,22.7,45.0,1033.9830769230769,5.5
10.0,385.0,1.72,0.318,5.67,17.3,36.0,1001.978813559322,6.1
10.0,386.0,1.47,0.281,5.33,14.5,28.0,941.9875346260388,6.2
10.0,389.0,2.11,0.329,6.42,20.2,51.0,999.5900537634409,6.4
10.0,391.0,2.6,0.391,6.66,20.8,49.0,1067.8483146067415,7.7
10.0,393.0,1.42,0.257,5.71,16.6,33.0,1002.5702614379085,5.2
10.0,394.0,0.72,0.102,7.53,26.9,49.0,1104.278947368421,1.6
10.0,395.0,1.18,0.184,7.1,25.7,47.0,1163.966463414634,3.0
10.0,397.0,15.38,1.477,10.7,39.8,69.0,1181.0054229934924,23.4
10.0,398.0,0.74,0.115,6.41,21.5,36.0,1111.141129032258,2.0
10.0,399.0,2.25,0.265,9.14,36.9,65.0,1267.735294117647,3.6
10.0,403.0,1.96,0.278,7.05,21.7,45.0,1097.6990740740741,5.4
10.0,404.0,1.0,0.175,6.1,19.4,38.0,1073.9103260869565,3.3
10.0,405.0,1.36,0.218,6.51,20.4,39.0,1094.623430962343,4.0
10.0,406.0,0.92,0.18,5.58,16.0,33.0,970.0172413793103,3.7
10.0,409.0,1.14,0.247,4.98,18.2,34.0,1070.9620535714287,3.9
10.0,410.0,2.33,0.273,9.02,35.0,60.0,1183.9,4.0
10.0,411.0,14.62,1.36,11.38,45.5,93.0,1273.0954664341762,19.4
10.0,412.0,18.28,1.688,11.12,42.2,69.0,1268.4254838709678,26.1
10.0,413.0,2.87,0.377,7.68,24.5,51.0,1125.5591016548462,7.2
10.0,414.0,2.97,0.402,7.55,24.2,56.0,1091.1655251141553,7.5
10.0,417.0,1.85,0.25,7.76,25.8,41.0,1073.5369649805448,4.4
10.0,419.0,1.39,0.24,5.99,21.8,62.0,1124.8805309734514,4.3
10.0,420.0,1.96,0.209,9.52,30.9,54.0,1009.9649122807018,3.9
10.0,421.0,2.6,0.286,9.75,37.8,62.0,1180.9193548387098,4.1
10.0,422.0,0.85,0.146,6.25,21.0,40.0,1109.1118881118882,2.6
10.0,423.0,2.32,0.275,8.69,28.1,46.0,1114.037162162162,4.9
10.0,424.0,0.55,0.089,6.47,20.9,38.0,1024.9148936170213,1.7
10.0,425.0,1.1,0.182,6.48,21.4,47.0,1092.0846994535518,3.1
10.0,426.0,17.89,1.737,10.94,44.6,77.0,1224.3681818181817,24.2
10.0,427.0,42.95,3.809,11.67,59.7,95.0,1422.4606697819315,43.5
10.0,428.0,68.72,7.28,9.31,42.9,92.0,1246.3344481605352,98.2
10.0,429.0,28.62,3.928,7.65,30.0,66.0,1177.7522827687776,58.9
10.0,430.0,2.68,0.397,7.49,25.4,63.0,1176.7754010695187,6.7
10.0,431.0,2.91,0.428,7.08,22.5,49.0,1085.0498915401301,8.1
12.0,1.0,6.38,1.133,5.73,25.8,52.0,1295.6416356877323,14.9
12.0,2.0,6.03,0.928,6.65,22.1,35.0,1117.626196990424,16.5
12.0,3.0,5.28,0.817,6.21,22.0,59.0,1109.2390438247012,13.4
12.0,4.0,5.61,0.951,5.94,24.7,46.0,1137.9469350411712,13.4
12.0,5.0,4.58,0.941,4.84,19.0,46.0,1101.7931669394436,14.6
12.0,6.0,6.69,1.107,5.7,24.7,72.0,1158.3667604501609,14.9
12.0,7.0,11.12,1.781,6.46,28.2,56.0,1233.1162873399714,23.9
12.0,8.0,18.92,3.368,5.51,24.2,59.0,1167.7213607594936,46.1
12.0,9.0,8.13,1.478,5.77,24.3,46.0,1209.1192598595353,21.7
12.0,10.0,17.85,3.145,5.97,25.0,54.0,1228.5968404423381,44.1
12.0,11.0,7.74,1.537,5.19,21.6,48.0,1160.5056906363166,22.6
12.0,12.0,9.37,1.579,6.12,23.1,51.0,1132.6690638712823,24.2
12.0,13.0,6.87,1.451,4.83,20.1,45.0,1123.3522967265048,21.7
12.0,14.0,6.67,1.48,4.48,18.1,51.0,1056.6586674767111,23.2
12.0,15.0,3.44,0.697,4.73,18.2,48.0,1056.604203539823,11.6
12.0,16.0,4.97,0.918,5.41,22.2,44.0,1141.8262081784387,13.9
12.0,17.0,10.42,1.768,5.95,30.4,54.0,1318.8692134371158,21.2
12.0,18.0,6.1,1.013,5.92,24.2,50.0,1206.8748908296943,14.6
12.0,19.0,6.68,0.986,6.69,23.1,47.0,1132.0597941802696,16.8
12.0,20.0,4.71,0.902,5.16,22.2,45.0,1188.5303776683088,13.1
12.0,21.0,8.45,1.672,5.07,21.0,55.0,1129.5027663934427,24.8
12.0,22.0,14.76,2.721,5.6,24.5,62.0,1181.647915077549,37.4
12.0,23.0,12.12,2.179,5.73,25.6,50.0,1212.0758293838862,29.2
12.0,24.0,3.5,0.695,4.89,21.3,50.0,1133.9855195911414,10.1
12.0,25.0,11.01,2.035,5.45,24.3,51.0,1183.4362292051756,27.8
12.0,26.0,4.43,0.928,4.63,18.5,37.0,1123.8444237918216,14.4
12.0,27.0,3.56,0.72,4.87,18.0,34.0,1068.722941720629,12.1
12.0,28.0,3.77,0.789,4.68,18.6,38.0,1071.614305427783,12.1
12.0,29.0,1.61,0.314,4.92,21.3,42.0,1186.5827205882354,4.6
12.0,30.0,3.71,0.688,5.25,21.1,38.0,1125.8998430962342,10.7
12.0,31.0,3.51,0.57,6.27,21.6,39.0,1132.9713785046729,10.0
12.0,32.0,3.71,0.704,5.56,20.9,47.0,1139.6152614727855,11.0
12.0,33.0,3.77,0.718,5.07,21.9,54.0,1140.156820622986,10.1
12.0,34.0,3.82,0.787,4.67,17.6,34.0,1070.3366379310344,13.2
12.0,35.0,6.17,1.117,5.06,22.7,59.0,1171.8369224745497,15.0
12.0,36.0,6.51,1.084,5.74,22.5,53.0,1163.5490305741985,16.9
12.0,37.0,4.72,0.754,6.42,25.1,43.0,1252.3766159695817,11.8
12.0,38.0,6.08,0.882,7.11,24.6,45.0,1159.8324140168722,15.2
12.0,39.0,3.16,0.632,4.88,15.4,38.0,1051.6733615221988,12.0
12.0,40.0,3.78,0.828,4.53,19.7,48.0,1139.1121608527133,12.0
12.0,41.0,8.82,1.937,4.49,19.1,41.0,1110.2060357675111,28.4
12.0,42.0,8.37,1.674,4.9,20.3,43.0,1109.3820936639117,24.4
12.0,43.0,4.43,0.903,4.69,20.0,43.0,1123.0807174887893,13.0
12.0,44.0,6.2,0.991,5.88,26.8,59.0,1207.8801652892562,12.9
12.0,45.0,6.28,0.951,6.57,24.7,55.0,1179.520361041142,14.3
12.0,46.0,3.77,0.751,4.88,19.5,47.0,1145.68125,11.6
12.0,47.0,15.63,3.002,5.3,22.6,61.0,1157.2081831290554,42.2
12.0,48.0,13.54,2.492,5.54,23.5,56.0,1202.3660896130345,34.9
12.0,49.0,15.07,2.373,6.09,34.2,77.0,1354.1307936507937,26.6
12.0,50.0,16.76,2.485,6.6,35.0,80.0,1306.7145296491772,30.4
12.0,51.0,3.78,0.848,4.43,17.6,37.0,1060.2436901653612,13.2
12.0,52.0,10.94,2.009,5.41,26.9,64.0,1239.6889763779527,26.1
12.0,53.0,15.16,2.614,5.7,26.3,58.0,1205.1269614835949,34.1
12.0,54.0,17.18,3.055,5.61,25.4,51.0,1218.4990712412587,40.6
12.0,55.0,8.99,1.233,7.27,28.0,55.0,1226.1593910491563,18.5
12.0,56.0,5.33,1.067,5.33,23.1,51.0,1235.958748866727,14.6
12.0,57.0,1.79,0.334,5.94,24.6,52.0,1228.6885416666667,5.0
12.0,58.0,3.61,0.686,5.59,20.9,40.0,1175.0936490850377,10.8
12.0,59.0,2.92,0.526,5.54,23.0,50.0,1106.5875838926174,7.6
12.0,60.0,4.41,0.968,4.64,20.5,49.0,1160.5506357856493,13.3
12.0,61.0,5.6,1.094,5.14,19.8,46.0,1122.1109635811836,17.1
12.0,62.0,1.96,0.407,4.83,19.0,39.0,1057.023178807947,6.2
12.0,63.0,9.42,1.909,4.89,21.1,46.0,1147.1279119930975,27.2
12.0,64.0,6.22,1.042,5.67,25.3,61.0,1157.2237747205504,13.6
12.0,65.0,4.45,0.645,7.12,29.4,50.0,1298.561694290976,9.2
12.0,66.0,37.51,4.63,8.36,55.4,91.0,1543.7179155454357,41.4
12.0,67.0,209.6,26.073,8.35,72.1,135.0,1784.002950075643,183.4
12.0,68.0,20.88,2.817,7.52,55.2,117.0,1579.762048192771,24.9
12.0,69.0,2.68,0.576,4.85,19.1,39.0,1115.0172514619883,9.0
12.0,70.0,4.33,0.901,4.71,19.7,40.0,1113.4818262411347,13.3
12.0,71.0,9.76,1.856,5.11,23.3,53.0,1188.904151022111,24.9
12.0,72.0,4.12,0.75,5.45,24.8,40.0,1198.6956795302012,10.1
12.0,73.0,4.11,0.753,5.37,24.6,50.0,1203.6383333333333,10.1
12.0,74.0,3.72,0.705,5.0,19.9,46.0,1083.9022038567493,10.6
12.0,76.0,8.23,1.43,5.87,23.3,42.0,1159.6147096362477,21.0
12.0,77.0,4.96,0.801,6.13,22.7,51.0,1172.5268841911766,12.9
12.0,78.0,5.12,1.001,4.96,20.7,49.0,1110.6058848797252,14.6
12.0,79.0,6.37,1.093,6.03,24.9,58.0,1201.1568219633943,14.8
12.0,80.0,6.36,1.218,5.05,23.8,46.0,1188.263453815261,15.7
12.0,81.0,19.36,3.067,6.44,29.9,61.0,1323.6017276653786,40.7
12.0,82.0,6.92,1.077,5.89,33.0,65.0,1325.3141848523749,12.3
12.0,83.0,9.16,1.455,5.88,31.4,69.0,1325.8876641651032,16.9
12.0,84.0,1.43,0.268,5.17,24.0,37.0,1225.0868055555557,3.6
12.0,85.0,2.47,0.544,4.43,19.6,38.0,1126.2317073170732,7.9
12.0,86.0,18.7,3.754,4.96,23.3,64.0,1197.5174874090656,50.8
12.0,87.0,3.84,0.766,5.18,20.9,38.0,1120.4133638211383,11.5
12.0,88.0,6.28,1.03,5.99,23.9,52.0,1191.9182966585167,15.0
12.0,89.0,5.46,0.885,5.76,23.0,46.0,1164.4905378486055,13.9
12.0,90.0,20.73,3.489,5.99,29.2,61.0,1283.4050155118925,44.4
12.0,91.0,1.02,0.233,4.07,19.2,38.0,1160.530104712042,3.2
12.0,92.0,1.42,0.47,2.9,11.3,31.0,1006.6334886817576,7.7
12.0,93.0,18.3,3.163,5.9,28.6,57.0,1259.8251186977166,39.5
12.0,94.0,3.81,0.672,5.75,19.9,50.0,1111.744395711501,12.0
12.0,95.0,15.52,2.61,5.79,23.9,48.0,1190.4929987413468,39.7
12.0,96.0,6.0,1.085,5.44,24.2,48.0,1192.391597177678,15.1
12.0,97.0,4.09,0.764,5.22,20.9,47.0,1127.4031221303949,12.1
12.0,98.0,3.89,0.717,5.2,20.7,42.0,1126.5905299313051,11.4
12.0,99.0,5.2,0.937,5.54,20.2,61.0,1106.6574638233053,15.0
12.0,100.0,13.53,2.574,5.23,22.9,61.0,1139.5438034188035,36.8
12.0,101.0,7.37,1.671,4.3,16.5,44.0,1046.083301635603,26.5
12.0,102.0,2.75,0.593,4.73,20.0,41.0,1139.1656378600824,8.8
12.0,103.0,11.91,2.176,5.68,26.0,52.0,1214.720397048489,29.2
12.0,104.0,7.79,1.471,5.54,23.8,51.0,1161.329345703125,20.9
12.0,105.0,9.61,1.625,5.79,26.7,56.0,1261.9818113396889,21.4
12.0,106.0,10.68,1.793,5.76,24.3,50.0,1183.8774608276417,26.2
12.0,107.0,3.12,0.652,4.8,20.0,48.0,1109.0029032258064,9.6
12.0,108.0,4.32,0.821,5.37,23.3,50.0,1148.8308751229106,11.6
12.0,109.0,0.97,0.286,3.42,13.4,35.0,1057.2087378640776,4.5
12.0,110.0,2.8,0.674,3.99,17.3,40.0,1101.947844827586,9.9
12.0,111.0,1.93,0.431,4.55,18.2,36.0,1082.3083126550869,6.6
12.0,112.0,1.97,0.445,4.32,17.4,46.0,1067.18125,6.9
12.0,113.0,12.39,2.089,5.73,25.6,65.0,1197.5262474012475,28.1
12.0,114.0,6.59,0.995,6.42,25.7,54.0,1169.378820033956,14.7
12.0,115.0,3.82,0.741,5.26,21.9,49.0,1136.9360403397027,10.7
12.0,116.0,3.17,0.648,5.4,20.2,57.0,1134.949401523395,10.3
12.0,117.0,0.65,0.157,4.08,16.6,38.0,1080.700354609929,2.4
12.0,118.0,3.7,0.747,5.32,20.6,50.0,1097.4462025316457,11.5
12.0,119.0,7.26,1.288,5.85,26.2,59.0,1183.9765081206497,17.8
12.0,120.0,7.87,1.686,4.63,19.9,52.0,1122.3523519163764,25.4
12.0,121.0,8.98,1.577,5.78,24.5,50.0,1171.0851788756388,23.0
12.0,122.0,6.41,1.012,6.12,25.8,62.0,1199.9318980667838,13.8
12.0,123.0,3.57,0.612,5.46,20.7,53.0,1093.2264739229024,9.6
12.0,124.0,8.63,1.214,7.23,27.4,52.0,1183.12843866171,18.8
12.0,125.0,3.77,0.707,5.72,23.6,47.0,1177.5465425531916,10.2
12.0,126.0,4.95,0.911,5.68,20.4,46.0,1086.7453769559033,15.2
12.0,127.0,3.67,0.745,4.9,22.2,40.0,1176.4523401826484,10.2
12.0,128.0,7.34,1.459,4.94,21.6,52.0,1148.6682260479042,20.7
12.0,129.0,6.41,1.443,4.4,20.9,64.0,1180.683604815864,19.7
12.0,130.0,7.13,1.077,6.65,25.8,61.0,1233.0169019316493,15.7
12.0,131.0,5.12,0.781,6.31,26.3,59.0,1203.1652119700748,11.2
12.0,132.0,1.38,0.236,6.32,23.0,49.0,1188.5066137566137,4.0
12.0,133.0,2.22,0.45,4.69,20.2,37.0,1104.276400862069,6.4
12.0,134.0,25.19,3.732,6.64,37.4,68.0,1382.81897311591,41.9
12.0,135.0,4.57,0.926,4.71,20.0,45.0,1108.409698275862,13.8
12.0,136.0,6.24,1.096,5.73,20.5,39.0,1111.934173272933,18.1
12.0,137.0,22.97,3.101,7.1,42.7,85.0,1465.2419647485744,31.5
12.0,138.0,4.67,0.884,5.2,25.2,58.0,1222.5212765957447,11.8
12.0,139.0,4.99,1.024,4.89,20.4,52.0,1130.9767441860465,14.9
12.0,140.0,5.65,1.174,4.96,22.5,58.0,1185.486427613941,15.8
12.0,141.0,26.09,3.471,6.9,40.9,79.0,1421.2037147397696,35.5
12.0,142.0,3.1,0.726,4.33,17.6,36.0,1113.8577939835916,11.0
12.0,143.0,1.9,0.432,4.28,18.8,48.0,1119.3563535911603,6.2
12.0,144.0,3.32,0.704,4.71,20.2,41.0,1146.5458823529411,10.2
12.0,145.0,6.03,1.148,5.37,24.3,53.0,1193.4092580213903,15.9
12.0,146.0,5.74,1.117,5.28,24.8,50.0,1223.9749273255813,14.4
12.0,147.0,21.67,3.608,6.18,31.0,59.0,1322.2641597028783,42.4
12.0,148.0,20.2,3.42,5.93,28.3,58.0,1272.711965393405,42.9
12.0,149.0,3.67,0.731,5.17,18.9,47.0,1085.6789855072464,12.2
12.0,150.0,5.75,1.119,5.31,23.6,56.0,1148.8364726027398,16.0
12.0,151.0,11.52,2.151,5.43,25.4,59.0,1201.6502504173623,29.0
12.0,152.0,3.82,0.712,5.59,21.6,50.0,1178.196088794926,11.1
12.0,153.0,1.88,0.308,6.16,22.4,40.0,1156.200996677741,5.1
12.0,155.0,2.98,0.745,4.15,17.5,39.0,1094.804541198502,10.8
12.0,156.0,6.24,1.013,6.6,29.9,57.0,1244.6235385814498,13.7
12.0,157.0,6.81,1.185,6.53,26.9,53.0,1192.436491935484,17.2
12.0,158.0,25.3,4.213,6.21,30.1,66.0,1259.6187415426252,52.6
12.0,159.0,17.12,3.057,5.73,28.5,76.0,1266.9247411242604,37.8
12.0,160.0,14.82,2.505,5.84,27.4,54.0,1254.0897067714632,32.6
12.0,161.0,8.67,1.628,5.37,22.4,56.0,1181.5989429695182,22.9
12.0,162.0,2.18,0.396,5.32,19.1,36.0,1109.9853896103896,6.7
12.0,163.0,4.35,0.65,6.9,32.9,57.0,1265.9120082815734,8.0
12.0,164.0,26.02,4.582,5.92,26.5,63.0,1231.5021310277643,62.3
12.0,165.0,10.73,1.914,6.08,25.1,51.0,1211.9947643979058,27.0
12.0,166.0,10.92,1.96,5.76,23.5,53.0,1160.1214902807776,28.6
12.0,167.0,7.52,1.253,5.8,27.3,78.0,1196.678057553957,16.9
12.0,168.0,15.04,2.595,5.92,27.0,59.0,1206.2088388214904,34.5
12.0,169.0,14.79,2.448,5.97,26.7,61.0,1222.3404192500739,32.8
12.0,170.0,5.81,1.098,5.1,22.7,54.0,1208.7651715039578,15.0
12.0,171.0,8.99,1.629,5.26,22.4,51.0,1175.3689951520494,23.7
12.0,172.0,8.72,1.413,6.37,22.5,54.0,1141.5006902899217,24.0
12.0,173.0,5.72,1.037,5.75,22.4,51.0,1175.4096534653465,15.4
12.0,174.0,7.12,1.233,5.56,25.7,63.0,1199.5444312796208,16.0
12.0,175.0,9.27,1.45,6.75,30.0,51.0,1240.3149171270718,19.0
12.0,176.0,4.65,0.697,6.91,28.0,46.0,1278.5434595524957,10.5
12.0,177.0,7.66,1.432,5.18,24.2,55.0,1200.8113048368955,19.3
12.0,178.0,4.7,0.87,5.39,26.4,58.0,1227.389657980456,11.3
12.0,179.0,8.43,1.603,5.21,23.1,49.0,1176.4339440694312,22.0
12.0,180.0,27.66,4.819,5.7,26.9,65.0,1246.8502708279598,61.2
12.0,181.0,7.16,1.404,5.09,22.4,54.0,1175.0626474056603,20.0
12.0,183.0,1.24,0.269,5.05,18.7,32.0,1084.4657451923076,4.3
12.0,184.0,5.21,0.988,5.19,20.3,65.0,1146.1858727097397,14.8
12.0,185.0,14.99,2.715,5.93,24.0,52.0,1190.031990131579,39.4
12.0,186.0,13.59,2.612,5.18,24.1,62.0,1204.2310292193633,34.7
12.0,187.0,12.77,2.207,5.68,26.2,55.0,1244.1084510150044,28.8
12.0,188.0,12.52,2.348,5.44,25.9,53.0,1234.3100077429347,30.7
12.0,189.0,18.81,3.174,5.86,28.6,59.0,1278.7659120734909,39.4
12.0,190.0,4.17,0.82,5.2,21.2,38.0,1154.273516642547,12.1
12.0,191.0,11.84,2.059,5.73,25.9,50.0,1217.9661378889566,28.0
12.0,192.0,5.07,1.097,4.55,19.1,42.0,1121.008700284091,16.4
12.0,193.0,3.33,0.748,4.46,17.9,42.0,1106.906386462882,11.5
12.0,194.0,18.62,3.444,5.52,24.5,56.0,1203.3150998336107,47.9
12.0,195.0,6.16,1.247,4.92,20.0,42.0,1139.812003968254,18.7
12.0,196.0,3.85,0.814,5.0,18.8,38.0,1095.6762661370408,12.7
12.0,197.0,3.55,0.654,5.87,24.2,52.0,1192.7836644591612,9.9
12.0,198.0,1.92,0.345,5.56,18.8,36.0,1126.0705479452056,6.2
12.0,199.0,9.66,1.407,7.02,37.0,80.0,1360.8743110838948,17.2
12.0,200.0,1.93,0.463,3.98,17.5,40.0,1115.8925,6.6
12.0,201.0,9.01,1.696,5.31,23.5,59.0,1195.6950448613377,24.4
12.0,202.0,6.69,1.157,5.83,26.1,48.0,1206.7583783783784,15.5
12.0,204.0,2.36,0.52,4.7,18.7,49.0,1093.575,7.9
12.0,205.0,2.12,0.422,5.08,21.1,45.0,1131.1940063091483,6.3
12.0,207.0,3.32,0.773,4.36,18.9,37.0,1145.4824840764331,10.9
12.0,208.0,7.24,1.298,5.71,23.4,60.0,1222.9838940586972,18.1
12.0,210.0,4.14,0.573,7.27,29.9,63.0,1288.3045,8.4
12.0,211.0,1.82,0.289,6.55,23.2,50.0,1145.3683274021353,4.8
12.0,213.0,3.63,0.56,6.74,25.3,46.0,1254.6543902439025,9.0
12.0,214.0,9.34,1.654,5.68,25.7,59.0,1213.3908994145822,22.1
12.0,215.0,4.66,0.848,5.64,27.2,54.0,1278.9220032840722,10.8
12.0,216.0,4.3,0.633,6.81,25.7,38.0,1222.5508403361343,10.2
12.0,217.0,1.88,0.284,6.57,23.1,40.0,1159.674319727891,4.9
12.0,218.0,7.51,1.156,6.74,25.9,53.0,1189.7170487106018,17.9
12.0,219.0,4.88,0.816,5.59,23.5,52.0,1210.6253012048194,11.6
12.0,220.0,4.89,0.91,5.28,26.8,58.0,1286.2940251572327,10.8
12.0,221.0,4.71,0.918,5.09,22.4,52.0,1138.8000343878955,13.3
12.0,222.0,2.44,0.459,5.22,25.1,43.0,1246.896212121212,6.1
12.0,223.0,8.15,1.477,5.48,26.4,50.0,1260.4256313131314,19.0
12.0,224.0,7.86,1.529,5.05,23.4,56.0,1201.711975308642,20.9
12.0,225.0,3.64,0.682,5.27,24.6,48.0,1212.1727188081936,9.0
12.0,226.0,3.02,0.536,5.61,25.1,45.0,1193.766241299304,7.4
12.0,227.0,2.55,0.542,4.37,18.3,39.0,1095.7856,8.1
12.0,228.0,3.05,0.677,4.5,19.1,42.0,1118.9456043956045,10.2
12.0,229.0,12.17,2.406,5.07,21.4,49.0,1121.3825224071702,35.2
12.0,230.0,2.39,0.448,5.25,24.3,40.0,1217.8873937677054,5.9
12.0,231.0,37.65,6.637,5.57,25.1,79.0,1188.3214739150508,88.3
12.0,232.0,12.1,1.965,6.07,27.6,71.0,1252.931610576923,25.6
12.0,233.0,11.09,1.966,5.89,24.6,58.0,1191.1126779124934,27.0
12.0,234.0,3.57,0.744,5.11,18.0,41.0,1092.237167736022,12.5
12.0,235.0,10.87,1.978,5.27,26.3,65.0,1247.0030508474576,25.5
12.0,236.0,0.66,0.119,5.97,22.0,33.0,1159.4135514018692,1.9
12.0,237.0,8.01,1.297,6.1,30.0,64.0,1251.9912698412697,16.8
12.0,238.0,3.65,0.812,4.44,18.3,49.0,1115.5783870967741,12.1
12.0,239.0,16.43,2.728,6.12,31.4,70.0,1291.9888178913739,32.2
12.0,240.0,27.14,3.578,7.38,43.0,83.0,1392.7662817114729,35.2
12.0,241.0,213.72,26.362,7.78,56.6,121.0,1582.1106892324458,209.8
12.0,242.0,58.11,6.658,8.85,62.2,113.0,1561.803223388306,56.8
12.0,243.0,69.39,9.452,6.89,40.6,86.0,1375.2826928393697,95.0
12.0,245.0,14.28,2.501,5.75,27.6,62.0,1236.0750201126307,32.1
12.0,246.0,5.47,0.941,5.96,27.4,54.0,1227.6544819985304,12.5
12.0,247.0,152.77,19.011,8.19,63.1,110.0,1598.8797641180572,145.6
12.0,248.0,143.51,17.129,8.73,78.5,127.0,1812.7543223217042,110.1
12.0,249.0,5.26,1.061,5.2,19.9,53.0,1114.3150974025973,16.3
12.0,250.0,2.19,0.485,4.31,18.0,39.0,1091.6929460580914,7.0
12.0,251.0,6.24,1.149,5.75,30.9,66.0,1272.8336718115354,13.8
12.0,252.0,4.45,0.848,5.22,22.5,48.0,1163.0452380952381,11.8
12.0,253.0,4.57,0.771,5.97,26.9,53.0,1198.0596405228757,10.3
12.0,254.0,7.23,1.237,5.87,27.7,66.0,1248.8459488272922,15.9
12.0,255.0,5.88,1.109,5.33,23.0,54.0,1138.986612021858,15.7
12.0,256.0,4.34,0.703,6.52,33.9,59.0,1312.4702760084926,7.8
12.0,257.0,1.94,0.263,8.09,31.7,62.0,1315.8440366972477,3.8
12.0,258.0,3.93,0.519,8.0,29.7,50.0,1180.6515789473685,8.1
12.0,259.0,3.81,0.73,5.18,22.4,52.0,1122.6441368078176,10.3
12.0,260.0,4.85,0.752,6.55,27.1,56.0,1224.5105140186915,10.8
12.0,261.0,5.66,0.819,7.06,30.5,58.0,1259.495870870871,11.2
12.0,262.0,11.47,2.034,5.69,27.0,67.0,1228.5772277227722,26.0
12.0,263.0,5.13,0.907,5.7,25.2,48.0,1197.267146776406,12.5
12.0,265.0,4.24,0.832,5.24,21.7,52.0,1111.2032142857142,12.1
12.0,266.0,1.82,0.339,5.39,18.9,33.0,1054.3865606936415,5.8
12.0,267.0,1.91,0.3,6.39,22.8,42.0,1182.4917218543046,5.1
12.0,268.0,4.35,0.673,6.57,35.7,62.0,1331.4943820224719,7.3
12.0,269.0,4.05,0.506,8.47,36.1,53.0,1318.6058168316831,6.8
12.0,272.0,2.86,0.48,6.32,24.8,51.0,1159.9269323671497,7.1
12.0,274.0,2.58,0.423,6.19,24.3,53.0,1139.2854330708662,6.5
12.0,275.0,2.84,0.567,5.07,20.2,44.0,1062.6245059288538,8.7
12.0,276.0,2.63,0.485,5.36,21.8,46.0,1101.9851543942993,7.3
12.0,277.0,11.17,1.844,6.2,28.0,58.0,1209.9987770789658,24.2
12.0,278.0,10.84,1.909,5.86,25.8,51.0,1204.4188874083943,25.7
16.0,1.0,1.01,0.202,5.27,17.0,32.0,1075.0258215962442,3.7
16.0,2.0,0.55,0.223,2.84,9.1,32.0,1070.7893401015228,4.2
16.0,3.0,5.87,0.904,7.21,24.3,43.0,1170.3857308584686,15.0
16.0,5.0,4.45,0.724,6.39,20.9,42.0,1117.5359947643979,13.0
16.0,6.0,33.77,3.806,9.04,44.5,96.0,1415.0620099786172,43.3
16.0,7.0,74.81,9.914,7.28,32.8,109.0,1284.2797049620026,116.2
16.0,8.0,15.22,1.845,8.1,45.3,120.0,1419.745341614907,18.2
16.0,9.0,9.0,1.714,5.7,21.8,60.0,1207.1511073253832,26.0
16.0,10.0,14.02,2.281,6.45,22.1,49.0,1129.9895187481548,38.4
16.0,11.0,1.38,0.293,5.33,16.8,32.0,1082.632612966601,5.4
16.0,12.0,10.67,1.517,7.53,29.6,62.0,1271.3048875096974,21.9
16.0,13.0,23.51,2.645,8.55,51.0,98.0,1469.3592485549134,25.3
16.0,14.0,105.72,11.865,8.85,43.4,95.0,1390.6115316117541,139.2
16.0,15.0,1.27,0.302,4.7,14.4,25.0,1059.0287037037037,5.7
16.0,16.0,5.72,0.941,6.5,20.0,33.0,1098.398941532258,18.2
16.0,17.0,1.48,0.353,4.75,15.5,37.0,1060.9801038062283,6.3
16.0,18.0,1.06,0.234,4.94,16.5,35.0,1111.109649122807,4.1
16.0,19.0,8.98,1.533,6.25,20.0,41.0,1111.1896226415095,28.0
16.0,20.0,3.69,0.55,7.33,21.9,44.0,1137.5149253731342,10.5
16.0,21.0,10.6,1.814,6.33,22.0,46.0,1182.6920712968654,30.3
16.0,22.0,3.56,0.652,6.13,19.7,44.0,1181.6038353601496,11.3
16.0,23.0,6.32,1.257,5.44,18.2,40.0,1080.5359982332157,22.3
16.0,24.0,2.13,0.475,5.04,16.5,31.0,1112.0709064327486,8.3
16.0,25.0,6.89,1.102,6.45,20.4,41.0,1143.5195936139332,20.2
16.0,26.0,7.64,1.277,6.34,20.3,40.0,1128.4401850627892,23.6
16.0,27.0,1.44,0.299,5.55,16.7,38.0,1110.8107843137254,5.5
16.0,28.0,2.25,0.479,4.97,16.7,33.0,1136.2958620689656,8.4
16.0,29.0,0.69,0.197,4.07,13.2,29.0,1082.837591240876,3.4
16.0,30.0,2.24,0.442,5.83,18.3,34.0,1048.8579277864992,8.2
16.0,31.0,2.28,0.507,4.88,17.0,35.0,1103.441642651297,8.5
16.0,32.0,29.3,3.58,8.48,38.8,79.0,1388.8945225758698,46.6
16.0,33.0,31.18,3.812,8.77,36.6,66.0,1292.311475409836,53.3
16.0,34.0,1.17,0.256,4.87,16.1,32.0,1094.7722007722007,4.6
16.0,35.0,1.42,0.366,4.35,13.6,28.0,1116.7954186413901,7.0
16.0,36.0,29.31,3.64,8.47,34.8,72.0,1343.6009599470374,51.2
16.0,37.0,29.31,3.308,9.43,42.0,82.0,1368.5204901566894,42.6
16.0,38.0,0.92,0.146,6.61,19.2,29.0,1051.2703488372092,2.9
16.0,42.0,1.67,0.345,5.18,16.7,30.0,1124.9512534818941,6.1
